mins-pm,team,opponent,cs-pm,conceded-pm,saves-pm,penalty-saves-pm,yellow-cards-pm,red-cards-pm,bonus-pm,current-form,total
0.0,4,3,0.0,0.0,0.0,0.0,0.0,0.0,0.0,0.0,2
90.0,4,4,0.0,1.0,1.0,0.0,0.0,0.0,0.0,2.0,1
90.0,4,3,0.0,1.5,0.5,0.0,0.0,0.0,0.0,1.5,1
90.0,4,5,0.0,1.3333333333333333,1.0,0.0,0.3333333333333333,0.0,0.0,1.3333333333333333,3
90.0,4,2,0.0,1.5,2.25,0.0,0.25,0.0,0.0,1.6666666666666667,6
90.0,4,4,0.2,1.2,2.2,0.0,0.2,0.0,0.0,3.333333333333333,3
90.0,4,4,0.16666666666666666,1.1666666666666667,2.5,0.0,0.16666666666666666,0.0,0.0,4.0,1
90.0,4,2,0.14285714285714285,1.2857142857142858,2.2857142857142856,0.0,0.14285714285714285,0.0,0.0,3.333333333333333,1
90.0,4,2,0.125,1.375,2.25,0.0,0.125,0.0,0.0,1.6666666666666667,7
90.0,4,3,0.2222222222222222,1.2222222222222223,2.333333333333333,0.0,0.1111111111111111,0.0,0.0,3.0,6
90.0,4,3,0.3,1.1,2.3,0.0,0.1,0.0,0.0,4.666666666666667,2
90.0,4,4,0.2727272727272727,1.181818181818182,2.363636363636364,0.0,0.09090909090909093,0.0,0.0,5.0,1
69.86666666666666,4,3,0.2,0.9333333333333332,1.7333333333333334,0.0,0.06666666666666668,0.0,0.0,0.0,3
71.125,4,4,0.1875,0.9375,1.8125,0.0,0.0625,0.0,0.0,1.0,3
72.23529411764707,4,2,0.17647058823529413,1.0,2.176470588235294,0.0,0.05882352941176471,0.0,0.0,2.0,2
73.22222222222223,4,3,0.16666666666666666,1.0,2.1111111111111107,0.0,0.05555555555555555,0.0,0.0,2.6666666666666665,3
74.10526315789474,4,3,0.15789473684210525,1.0,2.1578947368421053,0.0,0.05263157894736842,0.0,0.0,2.6666666666666665,2
0.0,2,4,0.0,0.0,0.0,0.0,0.0,0.0,0.0,0.0,1
2.571428571428572,2,3,0.0,0.057142857142857134,0.08571428571428573,0.0,0.028571428571428567,0.0,0.0,0.3333333333333333,6
5.0,2,3,0.027777777777777776,0.05555555555555555,0.1111111111111111,0.0,0.027777777777777776,0.0,0.0,2.333333333333333,0
0.0,2,3,0.0,0.0,0.0,0.0,0.0,0.0,0.0,0.0,6
90.0,2,3,1.0,0.0,2.0,0.0,0.0,0.0,0.0,6.0,7
90.0,2,2,1.0,0.0,3.0,0.0,0.0,0.0,0.0,6.5,1
90.0,2,4,0.6666666666666666,0.3333333333333333,2.6666666666666665,0.0,0.3333333333333333,0.0,0.0,4.666666666666667,7
90.0,2,4,0.75,0.25,2.25,0.0,0.25,0.0,0.25,5.0,1
90.0,2,4,0.6,0.8,2.0,0.0,0.2,0.0,0.2,3.0,2
90.0,2,5,0.5,1.1666666666666667,2.333333333333333,0.0,0.16666666666666666,0.0,0.16666666666666666,3.333333333333333,2
90.0,2,4,0.42857142857142855,1.2857142857142858,2.7142857142857144,0.0,0.14285714285714285,0.0,0.14285714285714285,1.6666666666666667,2
90.0,2,2,0.375,1.5,2.75,0.0,0.125,0.0,0.125,2.0,1
90.0,2,4,0.3333333333333333,1.5555555555555556,2.6666666666666665,0.0,0.1111111111111111,0.0,0.1111111111111111,1.6666666666666667,2
90.0,2,3,0.3,1.6,2.9,0.0,0.1,0.0,0.1,1.6666666666666667,7
90.0,2,3,0.3636363636363637,1.4545454545454546,3.0909090909090913,0.0,0.09090909090909093,0.0,0.09090909090909093,3.333333333333333,3
90.0,2,3,0.3333333333333333,1.4166666666666667,3.083333333333333,0.0,0.08333333333333333,0.0,0.08333333333333333,4.0,3
90.0,2,3,0.3076923076923077,1.3846153846153846,3.0769230769230766,0.0,0.07692307692307693,0.0,0.07692307692307693,4.333333333333333,7
90.0,2,3,0.35714285714285715,1.2857142857142858,3.2142857142857144,0.0,0.07142857142857142,0.0,0.07142857142857142,4.333333333333333,3
90.0,2,2,0.3333333333333333,1.2666666666666666,3.2,0.0,0.06666666666666668,0.0,0.06666666666666668,4.333333333333333,3
90.0,2,4,0.3125,1.25,3.25,0.0,0.0625,0.0,0.0625,4.333333333333333,3
90.0,2,3,0.29411764705882354,1.2352941176470589,3.5294117647058822,0.0,0.1176470588235294,0.0,0.05882352941176471,3.0,2
90.0,2,2,0.2777777777777778,1.2222222222222223,3.388888888888889,0.0,0.1111111111111111,0.0,0.05555555555555555,2.6666666666666665,7
90.0,2,3,0.3157894736842105,1.1578947368421053,3.3684210526315788,0.0,0.10526315789473684,0.0,0.05263157894736842,4.0,6
90.0,2,3,0.35,1.1,3.2,0.0,0.1,0.0,0.05,5.0,2
90.0,2,4,0.3333333333333333,1.0952380952380951,3.1428571428571432,0.0,0.09523809523809523,0.0,0.047619047619047616,5.0,2
90.0,2,4,0.3181818181818182,1.1363636363636365,3.136363636363636,0.0,0.09090909090909093,0.0,0.045454545454545456,3.333333333333333,1
90.0,2,4,0.3043478260869565,1.3043478260869563,3.1304347826086962,0.0,0.08695652173913042,0.0,0.043478260869565216,1.6666666666666667,2
90.0,2,2,0.2916666666666667,1.3333333333333333,3.125,0.0,0.08333333333333333,0.0,0.04166666666666666,1.6666666666666667,1
90.0,2,3,0.28,1.36,3.08,0.0,0.08,0.0,0.04,1.3333333333333333,2
90.0,2,3,0.2692307692307692,1.3846153846153846,3.1153846153846154,0.0,0.07692307692307693,0.0,0.038461538461538464,1.6666666666666667,3
90.0,2,2,0.25925925925925924,1.3703703703703705,3.1481481481481484,0.0,0.07407407407407407,0.0,0.037037037037037035,2.0,2
90.0,2,2,0.25,1.3571428571428572,3.0357142857142856,0.0,0.07142857142857142,0.0,0.03571428571428571,2.333333333333333,6
90.0,2,3,0.27586206896551724,1.3103448275862069,3.0,0.0,0.06896551724137931,0.0,0.03448275862068965,3.6666666666666665,3
90.0,2,4,0.26666666666666666,1.3,3.033333333333333,0.0,0.06666666666666668,0.0,0.03333333333333333,3.6666666666666665,2
91.47540983606558,2,2,0.26229508196721313,1.3770491803278688,3.114754098360656,0.0,0.06557377049180327,0.0,0.032786885245901634,3.6666666666666665,1
92.90322580645163,2,4,0.25806451612903225,1.4516129032258065,3.129032258064516,0.0,0.06451612903225806,0.0,0.03225806451612903,2.0,9
90.0,2,5,0.2727272727272727,1.3636363636363635,3.0303030303030303,0.0,0.060606060606060615,0.0,0.09090909090909093,4.0,1
0.0,3,4,0.0,0.0,0.0,0.0,0.0,0.0,0.0,0.0,1
90.0,3,3,0.0,3.0,0.0,0.0,0.0,0.0,0.0,1.0,3
90.0,3,4,0.0,2.0,1.5,0.0,0.0,0.0,0.0,2.0,6
90.0,3,3,0.3333333333333333,1.3333333333333333,1.3333333333333333,0.0,0.0,0.0,0.0,3.333333333333333,7
90.0,3,2,0.5,1.0,1.75,0.0,0.0,0.0,0.0,5.333333333333333,8
90.0,3,2,0.6,0.8,2.6,0.0,0.0,0.0,0.0,7.0,0
90.0,3,3,0.5,1.3333333333333333,2.5,0.0,0.0,0.0,0.0,5.0,2
90.0,3,3,0.42857142857142855,1.4285714285714286,2.7142857142857144,0.0,0.0,0.0,0.0,3.333333333333333,1
90.0,3,4,0.375,1.625,2.625,0.0,0.0,0.0,0.0,1.0,2
90.0,3,4,0.3333333333333333,1.7777777777777777,2.6666666666666665,0.0,0.0,0.0,0.0,1.6666666666666667,3
90.0,3,2,0.3,1.9,3.2,0.0,0.0,0.0,0.0,2.0,7
90.0,3,3,0.3636363636363637,1.7272727272727273,3.0,0.0,0.0,0.0,0.09090909090909093,4.0,2
90.0,3,2,0.3333333333333333,1.6666666666666667,3.0,0.0,0.08333333333333333,0.0,0.08333333333333333,4.0,4
90.0,3,3,0.3076923076923077,1.6153846153846154,3.2307692307692313,0.0,0.07692307692307693,0.0,0.07692307692307693,4.333333333333333,3
90.0,3,2,0.2857142857142857,1.5714285714285714,3.2142857142857144,0.0,0.07142857142857142,0.0,0.07142857142857142,3.0,2
90.0,3,3,0.26666666666666666,1.6,3.2,0.0,0.06666666666666668,0.0,0.06666666666666668,3.0,15
90.0,3,4,0.3125,1.5,3.25,0.0625,0.0625,0.0,0.25,6.666666666666668,2
90.0,3,4,0.29411764705882354,1.5294117647058822,3.294117647058824,0.05882352941176471,0.05882352941176471,0.0,0.2352941176470588,6.333333333333332,2
90.0,3,5,0.2777777777777778,1.5,3.2222222222222223,0.05555555555555555,0.05555555555555555,0.0,0.2222222222222222,6.333333333333332,2
90.0,3,3,0.2631578947368421,1.5263157894736843,3.263157894736842,0.05263157894736842,0.05263157894736842,0.0,0.21052631578947367,2.0,1
90.0,3,2,0.25,1.6,3.15,0.05,0.05,0.0,0.2,1.6666666666666667,4
90.0,3,3,0.2380952380952381,1.5714285714285714,3.2857142857142856,0.047619047619047616,0.047619047619047616,0.0,0.19047619047619047,2.333333333333333,1
90.0,3,2,0.2272727272727273,1.6363636363636365,3.1818181818181817,0.045454545454545456,0.045454545454545456,0.0,0.18181818181818185,2.0,1
90.0,3,2,0.21739130434782608,1.6521739130434785,3.0869565217391304,0.043478260869565216,0.043478260869565216,0.0,0.17391304347826084,2.0,1
90.0,3,4,0.20833333333333331,1.6666666666666667,3.0416666666666665,0.04166666666666666,0.04166666666666666,0.0,0.16666666666666666,1.0,2
90.0,3,4,0.2,1.72,3.04,0.04,0.04,0.0,0.16,1.3333333333333333,3
90.0,3,3,0.19230769230769232,1.6923076923076923,3.0769230769230766,0.038461538461538464,0.038461538461538464,0.0,0.15384615384615385,2.0,2
90.0,3,4,0.1851851851851852,1.6666666666666667,3.037037037037037,0.037037037037037035,0.037037037037037035,0.0,0.14814814814814814,2.333333333333333,3
90.0,3,5,0.17857142857142858,1.6785714285714286,3.1428571428571432,0.03571428571428571,0.03571428571428571,0.0,0.14285714285714285,2.6666666666666665,9
90.0,3,3,0.20689655172413796,1.6206896551724137,3.2068965517241383,0.03448275862068965,0.03448275862068965,0.0,0.20689655172413796,4.666666666666667,1
90.0,3,4,0.2,1.6333333333333333,3.1666666666666665,0.03333333333333333,0.03333333333333333,0.0,0.2,4.333333333333333,6
90.0,3,4,0.2258064516129032,1.5806451612903225,3.129032258064516,0.03225806451612903,0.03225806451612903,0.0,0.1935483870967742,5.333333333333333,3
90.0,3,4,0.21875,1.5625,3.15625,0.03125,0.03125,0.0,0.1875,3.333333333333333,11
90.0,3,3,0.21212121212121213,1.5454545454545454,3.272727272727273,0.060606060606060615,0.030303030303030307,0.0,0.24242424242424246,6.666666666666668,3
90.0,3,3,0.2058823529411765,1.5294117647058822,3.2647058823529416,0.05882352941176471,0.029411764705882356,0.0,0.2352941176470588,5.666666666666668,3
90.0,3,2,0.2,1.5142857142857142,3.3142857142857145,0.057142857142857134,0.028571428571428567,0.0,0.22857142857142854,5.666666666666668,8
90.0,3,3,0.2222222222222222,1.4722222222222223,3.305555555555556,0.05555555555555555,0.027777777777777776,0.0,0.25,4.666666666666667,7
90.0,3,2,0.2432432432432433,1.4324324324324325,3.2972972972972974,0.054054054054054064,0.027027027027027032,0.0,0.2432432432432433,6.0,9
0.0,4,4,0.0,0.0,0.0,0.0,0.0,0.0,0.0,0.0,6
4.466666666666667,4,2,0.06666666666666668,0.0,0.0,0.0,0.0,0.0,0.0,0.0,6
7.85,4,3,0.1,0.0,0.0,0.0,0.0,0.0,0.0,0.0,7
11.761904761904766,4,3,0.14285714285714285,0.0,0.19047619047619047,0.0,0.0,0.0,0.0,2.333333333333333,6
14.041666666666664,4,4,0.16666666666666666,0.0,0.16666666666666666,0.0,0.0,0.0,0.0,2.0,7
12.74626865671642,4,3,0.14925373134328354,0.0,0.2388059701492537,0.0,0.0,0.0,0.0,0.0,2
13.972972972972975,4,2,0.13513513513513514,0.027027027027027032,0.2432432432432433,0.0,0.0,0.0,0.0,0.0,4
0.0,4,3,0.0,0.0,0.0,0.0,0.0,0.0,0.0,0.0,2
90.0,4,3,0.0,1.0,1.0,0.0,0.0,0.0,0.0,2.0,7
90.0,4,4,0.5,0.5,2.5,0.0,0.0,0.0,0.0,4.5,2
90.0,4,3,0.3333333333333333,1.3333333333333333,3.0,0.0,0.0,0.0,0.0,3.6666666666666665,1
90.0,4,5,0.25,1.5,2.5,0.0,0.0,0.0,0.0,3.333333333333333,3
90.0,4,2,0.2,1.4,2.6,0.0,0.0,0.0,0.0,2.0,6
90.0,4,4,0.3333333333333333,1.1666666666666667,2.333333333333333,0.0,0.0,0.0,0.0,3.333333333333333,1
80.42857142857143,4,3,0.2857142857142857,1.0,2.0,0.0,0.0,0.0,0.0,3.333333333333333,3
81.625,4,4,0.25,1.0,2.125,0.0,0.0,0.0,0.0,3.333333333333333,4
82.55555555555556,4,2,0.2222222222222222,1.0,2.555555555555556,0.0,0.0,0.0,0.0,2.6666666666666665,2
83.3,4,4,0.2,1.0,2.3,0.0,0.0,0.0,0.0,3.0,2
83.9090909090909,4,2,0.18181818181818185,1.0,2.363636363636364,0.0,0.09090909090909093,0.0,0.0,2.6666666666666665,6
84.41666666666667,4,2,0.25,0.9166666666666666,2.25,0.0,0.08333333333333333,0.0,0.0,3.333333333333333,7
84.84615384615384,4,4,0.3076923076923077,0.8461538461538461,2.3076923076923075,0.0,0.07692307692307693,0.0,0.0,5.0,6
85.21428571428571,4,3,0.35714285714285715,0.7857142857142857,2.2857142857142856,0.0,0.07142857142857142,0.0,0.0,6.333333333333332,1
80.1875,4,3,0.3125,0.8125,2.0625,0.0,0.0625,0.0,0.0,2.333333333333333,6
80.76470588235293,4,3,0.35294117647058826,0.7647058823529411,2.0588235294117645,0.0,0.05882352941176471,0.0,0.0,2.333333333333333,6
81.27777777777777,4,3,0.3888888888888889,0.7222222222222222,1.9444444444444444,0.0,0.05555555555555555,0.0,0.0,4.0,2
81.73684210526315,4,4,0.3684210526315789,0.7368421052631579,1.8421052631578947,0.0,0.05263157894736842,0.0,0.0,4.666666666666667,1
74.68181818181819,4,5,0.3181818181818182,0.8636363636363636,1.7272727272727273,0.0,0.045454545454545456,0.0,0.0,0.3333333333333333,3
75.34782608695652,4,2,0.3043478260869565,0.8695652173913043,1.826086956521739,0.0,0.043478260869565216,0.0,0.0,1.0,2
72.92,4,3,0.28,0.84,1.68,0.0,0.04,0.0,0.0,1.6666666666666667,3
70.85185185185185,4,3,0.25925925925925924,0.8148148148148148,1.7037037037037035,0.0,0.037037037037037035,0.0,0.0,1.0,7
71.53571428571429,4,3,0.2857142857142857,0.7857142857142857,1.8214285714285716,0.0,0.03571428571428571,0.0,0.0,3.333333333333333,3
72.17241379310343,4,2,0.27586206896551724,0.7931034482758621,1.8965517241379308,0.0,0.03448275862068965,0.0,0.0,3.333333333333333,3
72.76666666666667,4,3,0.26666666666666666,0.8333333333333334,2.033333333333333,0.0,0.03333333333333333,0.0,0.0,4.333333333333333,2
73.3225806451613,4,2,0.25806451612903225,0.8387096774193549,2.0,0.0,0.03225806451612903,0.0,0.0,2.6666666666666665,7
73.84375,4,4,0.28125,0.8125,2.0625,0.0,0.03125,0.0,0.0,4.0,7
74.33333333333333,4,4,0.30303030303030304,0.7878787878787878,2.060606060606061,0.0,0.030303030303030307,0.0,0.030303030303030307,5.333333333333333,6
74.79411764705883,4,3,0.3235294117647059,0.7647058823529411,2.0294117647058822,0.0,0.029411764705882356,0.0,0.029411764705882356,6.666666666666668,6
75.22857142857143,4,4,0.3428571428571429,0.7428571428571429,2.0,0.0,0.028571428571428567,0.0,0.028571428571428567,6.333333333333332,3
75.6388888888889,4,2,0.3333333333333333,0.75,2.0277777777777777,0.0,0.027777777777777776,0.0,0.027777777777777776,5.0,1
0.0,3,4,0.0,0.0,0.0,0.0,0.0,0.0,0.0,0.0,2
90.0,3,3,0.0,2.0,4.0,0.0,0.0,0.0,0.0,2.0,2
90.0,3,3,0.0,2.5,4.5,0.0,0.0,0.0,0.0,2.0,1
90.0,3,3,0.0,2.6666666666666665,3.333333333333333,0.0,0.0,0.0,0.0,1.6666666666666667,15
90.0,3,4,0.25,2.0,3.25,0.25,0.0,0.0,0.75,6.0,1
90.0,3,3,0.2,2.0,3.4,0.2,0.2,0.0,0.6,5.666666666666668,6
90.0,3,2,0.3333333333333333,1.6666666666666667,3.0,0.16666666666666666,0.16666666666666666,0.0,0.5,7.333333333333332,1
90.0,3,4,0.2857142857142857,1.7142857142857142,2.571428571428572,0.14285714285714285,0.14285714285714285,0.0,0.42857142857142855,2.6666666666666665,1
90.0,3,2,0.25,1.75,2.5,0.125,0.125,0.0,0.375,2.6666666666666665,1
86.0,3,2,0.2222222222222222,1.6666666666666667,2.4444444444444446,0.1111111111111111,0.1111111111111111,0.0,0.3333333333333333,1.0,2
86.4,3,4,0.2,1.8,2.6,0.1,0.1,0.0,0.3,1.3333333333333333,3
86.72727272727273,3,4,0.18181818181818185,1.7272727272727273,2.636363636363636,0.09090909090909093,0.09090909090909093,0.0,0.2727272727272727,2.0,2
87.0,3,3,0.16666666666666666,1.6666666666666667,2.4166666666666665,0.08333333333333333,0.08333333333333333,0.0,0.25,2.333333333333333,3
87.23076923076924,3,2,0.15384615384615385,1.6153846153846154,2.4615384615384617,0.07692307692307693,0.07692307692307693,0.0,0.2307692307692308,2.6666666666666665,2
87.42857142857143,3,4,0.14285714285714285,1.5714285714285714,2.4285714285714284,0.07142857142857142,0.07142857142857142,0.0,0.21428571428571427,2.333333333333333,6
87.6,3,3,0.2,1.4666666666666666,2.4,0.06666666666666668,0.06666666666666668,0.0,0.2,3.6666666666666665,2
87.75,3,5,0.1875,1.4375,2.375,0.0625,0.0625,0.0,0.1875,3.333333333333333,1
87.88235294117645,3,3,0.17647058823529413,1.5294117647058822,2.235294117647059,0.05882352941176471,0.05882352941176471,0.0,0.17647058823529413,3.0,2
88.0,3,2,0.16666666666666666,1.6111111111111112,2.2777777777777777,0.05555555555555555,0.05555555555555555,0.0,0.16666666666666666,1.6666666666666667,6
88.10526315789473,3,2,0.21052631578947367,1.5263157894736843,2.263157894736842,0.05263157894736842,0.05263157894736842,0.0,0.15789473684210525,3.0,7
88.2,3,4,0.25,1.45,2.3,0.05,0.05,0.0,0.15,5.0,3
88.2857142857143,3,3,0.2380952380952381,1.4285714285714286,2.380952380952381,0.047619047619047616,0.047619047619047616,0.0,0.14285714285714285,5.333333333333333,1
88.36363636363636,3,4,0.2272727272727273,1.4545454545454546,2.3181818181818183,0.045454545454545456,0.045454545454545456,0.0,0.13636363636363635,3.6666666666666665,2
88.43478260869566,3,3,0.21739130434782608,1.4347826086956519,2.260869565217391,0.043478260869565216,0.043478260869565216,0.0,0.13043478260869565,2.0,9
88.5,3,3,0.25,1.375,2.375,0.04166666666666666,0.04166666666666666,0.0,0.20833333333333331,4.0,2
88.56,3,4,0.24,1.36,2.28,0.04,0.04,0.0,0.2,4.333333333333333,1
88.61538461538461,3,3,0.2307692307692308,1.3846153846153846,2.269230769230769,0.038461538461538464,0.038461538461538464,0.0,0.19230769230769232,4.0,3
88.66666666666669,3,3,0.2222222222222222,1.3703703703703705,2.333333333333333,0.037037037037037035,0.037037037037037035,0.0,0.1851851851851852,2.0,2
88.7142857142857,3,2,0.21428571428571427,1.3571428571428572,2.321428571428572,0.03571428571428571,0.03571428571428571,0.0,0.17857142857142858,2.0,3
88.75862068965517,3,3,0.20689655172413796,1.3448275862068966,2.3448275862068964,0.03448275862068965,0.03448275862068965,0.0,0.1724137931034483,2.6666666666666665,3
88.8,3,5,0.2,1.3333333333333333,2.3666666666666667,0.03333333333333333,0.03333333333333333,0.0,0.16666666666666666,2.6666666666666665,3
88.83870967741936,3,2,0.1935483870967742,1.3225806451612905,2.3870967741935485,0.03225806451612903,0.03225806451612903,0.0,0.16129032258064516,3.0,2
88.875,3,2,0.1875,1.3125,2.375,0.03125,0.03125,0.0,0.15625,2.6666666666666665,1
88.9090909090909,3,2,0.18181818181818185,1.3333333333333333,2.333333333333333,0.030303030303030307,0.030303030303030307,0.0,0.15151515151515152,2.0,2
88.94117647058823,3,4,0.17647058823529413,1.3529411764705883,2.411764705882353,0.029411764705882356,0.029411764705882356,0.0,0.14705882352941174,1.6666666666666667,11
88.97142857142859,3,4,0.17142857142857146,1.3428571428571427,2.5142857142857142,0.057142857142857134,0.028571428571428567,0.0,0.2,4.666666666666667,1
0.0,3,2,0.0,0.0,0.0,0.0,0.0,0.0,0.0,0.0,1
1.0,3,4,0.0,0.027777777777777776,0.0,0.0,0.0,0.0,0.0,0.0,2
3.4054054054054053,3,3,0.0,0.054054054054054064,0.054054054054054064,0.0,0.0,0.0,0.0,0.6666666666666666,6
0.0,4,3,0.0,0.0,0.0,0.0,0.0,0.0,0.0,0.0,1
90.0,4,4,0.0,2.0,1.0,0.0,0.0,0.0,0.0,1.0,1
90.0,4,4,0.0,2.0,1.0,0.0,0.0,0.0,0.0,1.0,-1
90.0,4,2,0.0,3.333333333333333,1.6666666666666667,0.0,0.3333333333333333,0.0,0.0,0.3333333333333333,6
90.0,4,3,0.25,2.5,1.5,0.0,0.25,0.0,0.0,2.0,1
90.0,4,4,0.2,2.6,1.2,0.0,0.2,0.0,0.0,2.0,4
90.0,4,4,0.16666666666666666,2.333333333333333,2.1666666666666665,0.0,0.16666666666666666,0.0,0.0,3.6666666666666665,0
90.0,4,2,0.14285714285714285,2.2857142857142856,2.142857142857143,0.0,0.2857142857142857,0.0,0.0,1.6666666666666667,6
90.0,4,3,0.25,2.0,2.125,0.0,0.25,0.0,0.0,3.333333333333333,2
90.0,4,3,0.2222222222222222,1.8888888888888888,2.1111111111111107,0.0,0.2222222222222222,0.0,0.0,2.6666666666666665,6
90.0,4,2,0.3,1.7,1.9,0.0,0.2,0.0,0.0,4.666666666666667,2
90.0,4,3,0.2727272727272727,1.6363636363636365,1.818181818181818,0.0,0.18181818181818185,0.0,0.0,3.333333333333333,2
90.0,4,4,0.25,1.5833333333333333,1.8333333333333333,0.0,0.16666666666666666,0.0,0.0,3.333333333333333,2
90.0,4,2,0.2307692307692308,1.6153846153846154,2.0,0.0,0.15384615384615385,0.0,0.0,2.0,2
90.0,4,5,0.21428571428571427,1.5714285714285714,1.8571428571428568,0.0,0.14285714285714285,0.0,0.0,2.0,2
90.0,4,2,0.2,1.5333333333333334,1.8666666666666667,0.0,0.13333333333333333,0.0,0.0,2.0,3
90.0,4,3,0.1875,1.5,1.9375,0.0,0.125,0.0,0.0,2.333333333333333,1
90.0,4,3,0.17647058823529413,1.5882352941176472,1.8823529411764703,0.0,0.1176470588235294,0.0,0.0,2.0,1
65.625,4,4,0.125,1.1666666666666667,1.375,0.0,0.08333333333333333,0.0,0.0,0.0,4
66.6,4,3,0.12,1.16,1.56,0.0,0.08,0.0,0.0,1.3333333333333333,1
67.5,4,4,0.1153846153846154,1.1923076923076923,1.5769230769230769,0.0,0.07692307692307693,0.0,0.0,1.6666666666666667,1
68.33333333333333,4,3,0.1111111111111111,1.2222222222222223,1.5925925925925926,0.0,0.07407407407407407,0.0,0.0,2.0,1
69.10714285714286,4,3,0.10714285714285714,1.25,1.5714285714285714,0.0,0.07142857142857142,0.0,0.0,1.0,7
69.82758620689657,4,2,0.13793103448275862,1.206896551724138,1.6206896551724137,0.0,0.06896551724137931,0.0,0.0,3.0,2
70.5,4,3,0.13333333333333333,1.2,1.5666666666666669,0.0,0.06666666666666668,0.0,0.0,3.333333333333333,7
71.12903225806451,4,3,0.16129032258064516,1.1612903225806452,1.5806451612903225,0.0,0.06451612903225806,0.0,0.03225806451612903,5.333333333333333,1
71.71875,4,3,0.15625,1.15625,1.59375,0.0,0.09375,0.0,0.03125,3.333333333333333,6
72.27272727272727,4,4,0.18181818181818185,1.1212121212121209,1.5757575757575757,0.0,0.09090909090909093,0.0,0.030303030303030307,4.666666666666667,7
72.79411764705883,4,2,0.2058823529411765,1.088235294117647,1.6470588235294117,0.0,0.08823529411764706,0.0,0.029411764705882356,4.666666666666667,1
73.28571428571429,4,2,0.2,1.1428571428571428,1.6285714285714286,0.0,0.08571428571428573,0.0,0.028571428571428567,4.666666666666667,1
73.75,4,3,0.19444444444444445,1.1666666666666667,1.6111111111111112,0.0,0.08333333333333333,0.0,0.027777777777777776,3.0,2
74.18918918918921,4,4,0.1891891891891892,1.162162162162162,1.6216216216216215,0.0,0.08108108108108109,0.0,0.027027027027027032,1.3333333333333333,2
0.0,4,3,0.0,0.0,0.0,0.0,0.0,0.0,0.0,0.0,1
2.5,4,3,0.0,0.0,0.0,0.0,0.0,0.0,0.0,0.3333333333333333,2
7.105263157894738,4,2,0.0,0.15789473684210525,0.15789473684210525,0.0,0.0,0.0,0.0,1.0,2
11.25,4,5,0.0,0.25,0.3,0.0,0.0,0.0,0.0,1.6666666666666667,2
15.0,4,2,0.0,0.2857142857142857,0.3333333333333333,0.0,0.0,0.0,0.0,2.0,6
18.40909090909091,4,3,0.045454545454545456,0.2727272727272727,0.3181818181818182,0.0,0.0,0.0,0.0,3.333333333333333,5
21.52173913043478,4,4,0.08695652173913042,0.2608695652173913,0.39130434782608703,0.0,0.043478260869565216,0.0,0.0,4.333333333333333,8
0.0,2,2,0.0,0.0,0.0,0.0,0.0,0.0,0.0,0.0,14
90.0,2,3,1.0,0.0,5.0,1.0,0.0,0.0,2.0,14.0,2
90.0,2,2,0.5,0.5,3.5,0.5,0.0,0.0,1.0,8.0,1
90.0,2,3,0.3333333333333333,1.0,3.0,0.3333333333333333,0.0,0.0,0.6666666666666666,5.666666666666668,2
90.0,2,3,0.25,1.25,3.0,0.25,0.0,0.0,0.5,1.6666666666666667,2
90.0,2,5,0.2,1.4,3.4,0.2,0.0,0.0,0.4,1.6666666666666667,0
49.09090909090909,2,4,0.09090909090909093,1.0,1.7272727272727273,0.09090909090909093,0.0,0.0,0.18181818181818185,0.0,2
52.5,2,4,0.08333333333333333,1.0833333333333333,1.9166666666666667,0.08333333333333333,0.0,0.0,0.16666666666666666,0.6666666666666666,1
55.384615384615394,2,4,0.07692307692307693,1.2307692307692308,1.9230769230769231,0.07692307692307693,0.0,0.0,0.15384615384615385,1.0,3
57.85714285714285,2,2,0.07142857142857142,1.2142857142857142,2.071428571428572,0.07142857142857142,0.0,0.0,0.14285714285714285,2.0,15
60.0,2,4,0.13333333333333333,1.1333333333333333,2.1333333333333333,0.13333333333333333,0.0,0.0,0.3333333333333333,6.333333333333332,1
61.875,2,3,0.125,1.1875,2.0625,0.125,0.0,0.0,0.3125,6.333333333333332,2
63.529411764705884,2,2,0.1176470588235294,1.1764705882352942,2.0588235294117645,0.1176470588235294,0.0,0.0,0.29411764705882354,6.0,2
65.0,2,3,0.1111111111111111,1.1666666666666667,2.0,0.1111111111111111,0.0,0.0,0.2777777777777778,1.6666666666666667,2
66.3157894736842,2,4,0.10526315789473684,1.1578947368421053,1.947368421052632,0.10526315789473684,0.0,0.0,0.2631578947368421,2.0,7
67.5,2,2,0.15,1.1,2.0,0.1,0.0,0.0,0.25,3.6666666666666665,2
68.57142857142857,2,3,0.14285714285714285,1.0952380952380951,2.0,0.09523809523809523,0.0,0.0,0.2380952380952381,3.6666666666666665,2
69.54545454545455,2,3,0.13636363636363635,1.181818181818182,2.0454545454545454,0.09090909090909093,0.0,0.0,0.2272727272727273,3.6666666666666665,1
70.43478260869566,2,5,0.13043478260869565,1.2608695652173914,2.0434782608695654,0.08695652173913042,0.0,0.0,0.21739130434782608,1.6666666666666667,3
71.25,2,2,0.125,1.25,2.125,0.08333333333333333,0.0,0.0,0.20833333333333331,2.0,8
72.0,2,2,0.16,1.2,2.2,0.08,0.0,0.0,0.24,4.0,2
72.69230769230771,2,3,0.15384615384615385,1.1923076923076923,2.1923076923076925,0.07692307692307693,0.0,0.0,0.2307692307692308,4.333333333333333,2
73.33333333333333,2,2,0.14814814814814814,1.1851851851851851,2.1481481481481484,0.07407407407407407,0.0,0.0,0.2222222222222222,4.0,2
73.92857142857143,2,3,0.14285714285714285,1.1785714285714286,2.142857142857143,0.07142857142857142,0.0,0.0,0.21428571428571427,2.0,8
74.48275862068967,2,4,0.1724137931034483,1.137931034482759,2.1724137931034484,0.06896551724137931,0.0,0.0,0.2413793103448276,4.0,1
75.0,2,3,0.16666666666666666,1.2,2.1,0.06666666666666668,0.0,0.0,0.2333333333333333,3.6666666666666665,1
0.0,2,3,0.0,0.0,0.0,0.0,0.0,0.0,0.0,0.0,6
12.857142857142858,2,4,0.14285714285714285,0.0,0.14285714285714285,0.0,0.0,0.0,0.0,2.0,2
13.2,2,3,0.1,0.1,0.5,0.0,0.0,0.0,0.0,0.6666666666666666,2
7.161290322580645,2,3,0.03225806451612903,0.06451612903225806,0.2258064516129032,0.0,0.0,0.0,0.0,0.0,1
9.454545454545457,2,3,0.030303030303030307,0.12121212121212123,0.2727272727272727,0.0,0.0,0.0,0.0,0.3333333333333333,7
12.0,2,4,0.059701492537313425,0.11940298507462685,0.3582089552238806,0.0,0.0,0.0,0.0,2.6666666666666665,12
14.470588235294118,2,4,0.08823529411764706,0.1176470588235294,0.6176470588235294,0.0,0.0,0.0,0.08823529411764706,6.666666666666668,3
16.62857142857143,2,3,0.08571428571428573,0.2,0.7714285714285715,0.0,0.0,0.0,0.08571428571428573,7.333333333333332,2
18.666666666666668,2,4,0.08333333333333333,0.2222222222222222,0.7777777777777778,0.0,0.0,0.0,0.08333333333333333,5.666666666666668,1
20.594594594594593,2,4,0.08108108108108109,0.2702702702702703,0.7837837837837838,0.0,0.0,0.0,0.08108108108108109,2.0,6
0.0,3,4,0.0,0.0,0.0,0.0,0.0,0.0,0.0,0.0,1
90.0,3,4,0.0,2.0,1.0,0.0,0.0,0.0,0.0,1.0,3
90.0,3,4,0.0,2.0,4.5,0.0,0.0,0.0,0.0,2.0,3
67.5,3,4,0.0,1.25,3.5,0.0,0.0,0.0,0.0,2.0,1
72.0,3,3,0.0,1.6,3.2,0.0,0.0,0.0,0.0,1.3333333333333333,2
75.0,3,3,0.0,1.6666666666666667,3.333333333333333,0.0,0.0,0.0,0.0,1.0,1
77.14285714285714,3,3,0.0,1.7142857142857142,3.1428571428571432,0.0,0.0,0.0,0.0,1.3333333333333333,3
78.75,3,3,0.0,1.625,3.375,0.0,0.0,0.0,0.0,2.0,1
80.0,3,2,0.0,1.6666666666666667,3.111111111111111,0.0,0.0,0.0,0.0,1.6666666666666667,3
81.0,3,3,0.0,1.6,3.1,0.0,0.0,0.0,0.0,2.333333333333333,2
81.81818181818181,3,2,0.0,1.6363636363636365,3.1818181818181817,0.0,0.0,0.0,0.0,2.0,8
82.5,3,2,0.08333333333333333,1.5,3.333333333333333,0.0,0.0,0.0,0.08333333333333333,4.333333333333333,2
83.07692307692308,3,4,0.07692307692307693,1.6153846153846154,3.3076923076923075,0.0,0.0,0.0,0.07692307692307693,4.0,1
83.57142857142857,3,2,0.07142857142857142,1.7142857142857142,3.071428571428572,0.0,0.0,0.0,0.07142857142857142,3.6666666666666665,2
43.44827586206897,3,4,0.03448275862068965,0.8965517241379308,1.6551724137931034,0.0,0.0,0.0,0.03448275862068965,0.0,0
45.0,3,3,0.03333333333333333,1.0,1.6333333333333333,0.0,0.0,0.0,0.03333333333333333,0.0,4
46.451612903225815,3,2,0.03225806451612903,1.0,1.7741935483870968,0.0,0.0,0.0,0.03225806451612903,1.3333333333333333,2
47.8125,3,3,0.03125,1.03125,1.8125,0.0,0.0,0.0,0.03125,2.0,8
49.09090909090909,3,3,0.060606060606060615,1.0,1.9393939393939397,0.0,0.0,0.0,0.030303030303030307,4.666666666666667,10
51.04477611940298,3,4,0.08955223880597014,0.9850746268656716,2.0597014925373136,0.0,0.0,0.0,0.11940298507462685,6.666666666666668,1
52.941176470588225,3,3,0.08823529411764706,1.0588235294117647,2.0588235294117645,0.0,0.0,0.0,0.1176470588235294,6.333333333333332,7
54.0,3,3,0.11428571428571427,1.0285714285714285,2.085714285714286,0.0,0.0,0.0,0.11428571428571427,6.0,9
55.0,3,2,0.1388888888888889,1.0,2.1111111111111107,0.0,0.0,0.0,0.16666666666666666,5.666666666666668,7
55.94594594594594,3,2,0.16216216216216214,0.972972972972973,2.135135135135135,0.0,0.0,0.0,0.16216216216216214,7.666666666666668,2
0.0,3,3,0.0,0.0,0.0,0.0,0.0,0.0,0.0,0.0,8
6.0,3,5,0.06666666666666668,0.0,0.26666666666666666,0.0,0.0,0.0,0.06666666666666668,0.0,3
11.25,3,3,0.0625,0.0625,0.4375,0.0,0.0,0.0,0.0625,1.0,1
15.882352941176471,3,4,0.05882352941176471,0.17647058823529413,0.4117647058823529,0.0,0.0,0.0,0.05882352941176471,1.3333333333333333,1
20.0,3,2,0.05555555555555555,0.2777777777777778,0.4444444444444444,0.0,0.0,0.0,0.05555555555555555,1.6666666666666667,8
23.684210526315788,3,4,0.10526315789473684,0.2631578947368421,0.631578947368421,0.0,0.0,0.0,0.10526315789473684,3.333333333333333,2
27.0,3,2,0.1,0.35,0.8,0.0,0.0,0.0,0.1,3.6666666666666665,6
30.0,3,3,0.14285714285714285,0.3333333333333333,0.8095238095238095,0.0,0.0,0.0,0.09523809523809523,5.333333333333333,2
0.0,4,3,0.0,0.0,0.0,0.0,0.0,0.0,0.0,0.0,3
90.0,4,5,0.0,1.0,5.0,0.0,0.0,0.0,0.0,3.0,1
90.0,4,4,0.0,2.0,3.0,0.0,0.0,0.0,0.0,2.0,6
90.0,4,2,0.3333333333333333,1.3333333333333333,2.333333333333333,0.0,0.0,0.0,0.0,3.333333333333333,2
90.0,4,3,0.25,1.25,1.75,0.0,0.0,0.0,0.0,3.0,2
90.0,4,4,0.2,1.6,2.2,0.0,0.0,0.0,0.0,3.333333333333333,3
90.0,4,2,0.16666666666666666,1.5,2.5,0.0,0.0,0.0,0.0,2.333333333333333,3
90.0,4,2,0.14285714285714285,1.4285714285714286,2.571428571428572,0.0,0.0,0.0,0.0,2.6666666666666665,2
90.0,4,2,0.125,1.5,2.75,0.0,0.0,0.0,0.0,2.6666666666666665,7
90.0,4,3,0.2222222222222222,1.3333333333333333,2.7777777777777777,0.0,0.0,0.0,0.0,4.0,2
90.0,4,4,0.2,1.3,2.6,0.0,0.0,0.0,0.0,3.6666666666666665,2
90.0,4,3,0.18181818181818185,1.3636363636363635,2.636363636363636,0.0,0.0,0.0,0.0,3.6666666666666665,1
90.0,4,3,0.16666666666666666,1.5,2.583333333333333,0.0,0.0,0.0,0.0,1.6666666666666667,7
90.0,4,3,0.2307692307692308,1.3846153846153846,2.6153846153846154,0.0,0.0,0.0,0.0,3.333333333333333,1
90.0,4,2,0.21428571428571427,1.3571428571428572,2.642857142857143,0.0,0.0,0.0,0.0,3.0,6
79.41176470588233,4,3,0.2352941176470588,1.1176470588235294,2.235294117647059,0.0,0.0,0.0,0.0,2.0,6
79.16666666666667,4,3,0.2777777777777778,1.0555555555555556,2.1111111111111107,0.0,0.0,0.0,0.0,2.0,3
79.73684210526315,4,3,0.2631578947368421,1.0526315789473684,2.1578947368421053,0.0,0.0,0.0,0.0,3.0,1
80.25,4,2,0.25,1.1,2.1,0.0,0.0,0.0,0.0,3.333333333333333,6
80.71428571428571,4,2,0.2857142857142857,1.0476190476190477,2.0476190476190474,0.0,0.0,0.0,0.0,3.333333333333333,7
81.13636363636364,4,3,0.3181818181818182,1.0,2.136363636363636,0.0,0.0,0.0,0.0,4.666666666666667,6
81.52173913043478,4,4,0.3478260869565217,0.9565217391304348,2.130434782608696,0.0,0.0,0.0,0.0,6.333333333333332,6
81.875,4,4,0.375,0.9166666666666666,2.083333333333333,0.0,0.0,0.0,0.0,6.333333333333332,2
82.2,4,3,0.36,0.96,2.12,0.0,0.0,0.0,0.0,4.666666666666667,9
82.5,4,5,0.38461538461538464,0.9230769230769232,2.230769230769231,0.0,0.0,0.0,0.07692307692307693,5.666666666666668,2
82.77777777777777,4,3,0.3703703703703704,0.925925925925926,2.1481481481481484,0.0,0.0,0.0,0.07407407407407407,4.333333333333333,6
83.03571428571429,4,3,0.3928571428571429,0.8928571428571429,2.107142857142857,0.0,0.0,0.0,0.07142857142857142,5.666666666666668,7
83.27586206896551,4,4,0.4137931034482759,0.8620689655172413,2.1379310344827585,0.0,0.0,0.0,0.06896551724137931,5.0,8
83.5,4,4,0.4,0.9,2.1333333333333333,0.03333333333333333,0.0,0.0,0.13333333333333333,7.0,2
83.70967741935483,4,3,0.3870967741935484,1.0,2.2580645161290325,0.03225806451612903,0.0,0.0,0.12903225806451613,5.666666666666668,7
81.36363636363636,4,2,0.3939393939393939,0.9393939393939394,2.212121212121212,0.030303030303030307,0.0,0.0,0.12121212121212123,3.0,8
82.83582089552239,4,2,0.41791044776119396,0.9253731343283582,2.298507462686567,0.02985074626865672,0.0,0.0,0.14925373134328354,5.0,3
84.26470588235293,4,2,0.4117647058823529,0.9411764705882352,2.3529411764705883,0.029411764705882356,0.0,0.0,0.14705882352941174,6.0,2
84.42857142857143,4,4,0.4,0.9428571428571428,2.3142857142857145,0.028571428571428567,0.0,0.0,0.14285714285714285,4.333333333333333,2
84.58333333333333,4,3,0.3888888888888889,0.9444444444444444,2.305555555555556,0.027777777777777776,0.0,0.0,0.1388888888888889,2.333333333333333,8
84.72972972972974,4,3,0.3783783783783784,1.0,2.324324324324324,0.054054054054054064,0.0,0.0,0.16216216216216214,4.0,0
0.0,5,3,0.0,0.0,0.0,0.0,0.0,0.0,0.0,0.0,6
90.0,5,4,1.0,0.0,0.0,0.0,0.0,0.0,0.0,6.0,3
90.0,5,3,0.5,0.5,1.5,0.0,0.0,0.0,0.0,4.5,2
90.0,5,4,0.3333333333333333,0.6666666666666666,1.3333333333333333,0.0,0.0,0.0,0.0,3.6666666666666665,2
90.0,5,4,0.25,1.0,2.0,0.0,0.0,0.0,0.0,2.333333333333333,2
75.0,5,2,0.16666666666666666,0.8333333333333334,1.5,0.0,0.0,0.0,0.0,1.3333333333333333,6
77.14285714285714,5,4,0.2857142857142857,0.7142857142857143,1.4285714285714286,0.0,0.0,0.0,0.0,2.6666666666666665,9
78.75,5,3,0.25,0.75,2.0,0.125,0.0,0.0,0.0,5.0,1
80.0,5,4,0.2222222222222222,0.8888888888888888,2.0,0.1111111111111111,0.0,0.0,0.0,5.333333333333333,6
81.0,5,2,0.3,0.8,2.0,0.1,0.0,0.0,0.0,5.333333333333333,2
81.81818181818181,5,3,0.2727272727272727,0.9090909090909092,2.090909090909091,0.09090909090909093,0.0,0.0,0.0,3.0,2
82.5,5,3,0.25,0.9166666666666666,2.083333333333333,0.08333333333333333,0.0,0.0,0.0,3.333333333333333,8
83.07692307692308,5,2,0.3076923076923077,0.8461538461538461,2.230769230769231,0.07692307692307693,0.0,0.0,0.07692307692307693,4.0,2
83.57142857142857,5,4,0.2857142857142857,0.8571428571428571,2.142857142857143,0.07142857142857142,0.0,0.0,0.07142857142857142,4.0,6
84.0,5,3,0.3333333333333333,0.8,2.1333333333333333,0.06666666666666668,0.0,0.0,0.06666666666666668,5.333333333333333,5
84.375,5,3,0.375,0.75,2.0625,0.0625,0.0625,0.0,0.0625,4.333333333333333,6
84.70588235294117,5,2,0.4117647058823529,0.7058823529411765,2.0,0.05882352941176471,0.05882352941176471,0.0,0.05882352941176471,5.666666666666668,3
85.0,5,3,0.3888888888888889,0.7222222222222222,2.1666666666666665,0.05555555555555555,0.05555555555555555,0.0,0.05555555555555555,4.666666666666667,1
81.0,5,4,0.35,0.75,2.0,0.05,0.05,0.0,0.05,1.3333333333333333,3
81.42857142857143,5,4,0.3333333333333333,0.7619047619047619,2.0476190476190474,0.047619047619047616,0.047619047619047616,0.0,0.047619047619047616,1.3333333333333333,1
81.81818181818181,5,4,0.3181818181818182,0.8181818181818182,2.0,0.045454545454545456,0.045454545454545456,0.0,0.045454545454545456,1.3333333333333333,2
82.17391304347827,5,2,0.3043478260869565,0.8260869565217391,1.9565217391304348,0.043478260869565216,0.043478260869565216,0.0,0.043478260869565216,2.0,2
82.5,5,3,0.2916666666666667,0.8333333333333334,1.9583333333333333,0.04166666666666666,0.04166666666666666,0.0,0.04166666666666666,1.6666666666666667,3
82.8,5,3,0.28,0.84,2.0,0.04,0.04,0.0,0.04,2.333333333333333,6
83.07692307692308,5,4,0.3076923076923077,0.8076923076923077,1.9615384615384612,0.038461538461538464,0.038461538461538464,0.0,0.038461538461538464,3.6666666666666665,2
83.33333333333333,5,3,0.2962962962962963,0.8518518518518519,2.0,0.037037037037037035,0.037037037037037035,0.0,0.037037037037037035,3.6666666666666665,6
83.57142857142857,5,3,0.32142857142857145,0.8214285714285714,2.0,0.03571428571428571,0.03571428571428571,0.0,0.03571428571428571,4.666666666666667,3
83.79310344827586,5,2,0.3103448275862069,0.8275862068965517,2.034482758620689,0.03448275862068965,0.03448275862068965,0.0,0.03448275862068965,3.6666666666666665,6
84.0,5,3,0.3333333333333333,0.8,1.9666666666666663,0.03333333333333333,0.03333333333333333,0.0,0.03333333333333333,5.0,1
84.19354838709677,5,4,0.3225806451612903,0.8387096774193549,1.935483870967742,0.03225806451612903,0.03225806451612903,0.0,0.03225806451612903,3.333333333333333,1
84.375,5,3,0.3125,0.9375,1.96875,0.03125,0.03125,0.0,0.03125,2.6666666666666665,7
84.54545454545455,5,2,0.3333333333333333,0.9090909090909092,2.0,0.030303030303030307,0.030303030303030307,0.0,0.030303030303030307,3.0,1
84.70588235294117,5,4,0.3235294117647059,0.9411764705882352,2.0,0.029411764705882356,0.029411764705882356,0.0,0.029411764705882356,3.0,9
84.85714285714286,5,2,0.3428571428571429,0.9142857142857144,2.085714285714286,0.028571428571428567,0.028571428571428567,0.0,0.08571428571428573,5.666666666666668,7
85.0,5,3,0.3611111111111111,0.8888888888888888,2.1111111111111107,0.027777777777777776,0.027777777777777776,0.0,0.08333333333333333,5.666666666666668,3
85.13513513513513,5,3,0.35135135135135137,0.9189189189189191,2.2432432432432434,0.027027027027027032,0.027027027027027032,0.0,0.08108108108108109,6.333333333333332,7
0.0,5,2,0.0,0.0,0.0,0.0,0.0,0.0,0.0,0.0,2
4.7368421052631575,5,2,0.0,0.10526315789473684,0.21052631578947367,0.0,0.0,0.0,0.0,0.0,1
0.0,4,3,0.0,0.0,0.0,0.0,0.0,0.0,0.0,0.0,1
90.0,4,2,0.0,2.0,2.0,0.0,0.0,0.0,0.0,1.0,2
90.0,4,3,0.0,1.5,2.0,0.0,0.0,0.0,0.0,1.5,7
90.0,4,2,0.3333333333333333,1.0,2.333333333333333,0.0,0.0,0.0,0.0,3.333333333333333,6
90.0,4,3,0.5,0.75,2.0,0.0,0.0,0.0,0.0,5.0,0
90.0,4,3,0.4,1.6,1.6,0.0,0.0,0.0,0.0,4.333333333333333,3
90.0,4,4,0.3333333333333333,1.5,1.8333333333333333,0.0,0.0,0.0,0.0,3.0,8
90.0,4,2,0.2857142857142857,1.4285714285714286,2.142857142857143,0.14285714285714285,0.0,0.0,0.0,3.6666666666666665,1
90.0,4,4,0.25,1.5,1.875,0.125,0.0,0.0,0.0,4.0,3
90.0,4,5,0.2222222222222222,1.4444444444444444,2.0,0.1111111111111111,0.0,0.0,0.0,4.0,3
90.0,4,3,0.2,1.4,2.3,0.1,0.0,0.0,0.0,2.333333333333333,6
90.0,4,4,0.2727272727272727,1.2727272727272727,2.1818181818181817,0.09090909090909093,0.0,0.0,0.0,4.0,4
90.0,4,2,0.25,1.25,2.6666666666666665,0.08333333333333333,0.0,0.0,0.0,4.333333333333333,6
90.0,4,3,0.3076923076923077,1.1538461538461535,2.6153846153846154,0.07692307692307693,0.0,0.0,0.0,5.333333333333333,2
90.0,4,3,0.2857142857142857,1.1428571428571428,2.571428571428572,0.07142857142857142,0.0,0.0,0.0,4.0,3
90.0,4,4,0.26666666666666666,1.1333333333333333,2.6,0.06666666666666668,0.0,0.0,0.0,3.6666666666666665,8
90.0,4,2,0.3125,1.0625,2.9375,0.0625,0.0,0.0,0.0,4.333333333333333,3
90.0,4,3,0.29411764705882354,1.0588235294117647,2.9411764705882355,0.05882352941176471,0.0,0.0,0.0,4.666666666666667,3
90.0,4,4,0.2777777777777778,1.0555555555555556,2.9444444444444446,0.05555555555555555,0.0,0.0,0.0,4.666666666666667,9
90.0,4,3,0.3157894736842105,1.0,3.0,0.05263157894736842,0.0,0.0,0.10526315789473684,5.0,2
90.0,4,3,0.3,1.0,2.9,0.05,0.0,0.0,0.1,4.666666666666667,2
90.0,4,2,0.2857142857142857,1.0,2.761904761904762,0.047619047619047616,0.0,0.0,0.09523809523809523,4.333333333333333,7
90.0,4,3,0.3181818181818182,0.9545454545454546,2.8181818181818183,0.045454545454545456,0.0,0.0,0.09090909090909093,3.6666666666666665,2
90.0,4,3,0.3043478260869565,0.9565217391304348,2.6956521739130435,0.043478260869565216,0.0,0.0,0.08695652173913042,3.6666666666666665,3
90.0,4,3,0.2916666666666667,0.9583333333333334,2.7916666666666665,0.04166666666666666,0.0,0.0,0.08333333333333333,4.0,2
90.0,4,3,0.28,0.96,2.76,0.04,0.0,0.0,0.08,2.333333333333333,2
90.0,4,2,0.2692307692307692,1.0,2.769230769230769,0.038461538461538464,0.0,0.0,0.07692307692307693,2.333333333333333,7
90.0,4,3,0.2962962962962963,0.9629629629629628,2.7777777777777777,0.037037037037037035,0.0,0.0,0.07407407407407407,3.6666666666666665,6
90.0,4,4,0.32142857142857145,0.9285714285714286,2.75,0.03571428571428571,0.0,0.0,0.07142857142857142,5.0,6
90.0,4,4,0.3448275862068966,0.8965517241379308,2.7241379310344827,0.03448275862068965,0.0,0.0,0.06896551724137931,6.333333333333332,2
90.0,4,2,0.3333333333333333,0.9,2.6333333333333333,0.03333333333333333,0.0,0.0,0.06666666666666668,4.666666666666667,2
90.0,4,5,0.3225806451612903,0.9032258064516128,2.5806451612903225,0.03225806451612903,0.0,0.0,0.06451612903225806,3.333333333333333,1
90.0,4,4,0.3125,0.9375,2.53125,0.03125,0.0,0.0,0.0625,1.6666666666666667,2
90.0,4,4,0.30303030303030304,0.9393939393939394,2.484848484848485,0.030303030303030307,0.0,0.0,0.060606060606060615,1.6666666666666667,2
90.0,4,2,0.29411764705882354,1.0,2.5294117647058822,0.029411764705882356,0.0,0.0,0.05882352941176471,1.6666666666666667,2
90.0,4,3,0.2857142857142857,1.0,2.5142857142857142,0.028571428571428567,0.0,0.0,0.057142857142857134,2.0,3
90.0,4,4,0.2777777777777778,1.0,2.5277777777777777,0.027777777777777776,0.0,0.0,0.05555555555555555,2.333333333333333,7
0.0,3,5,0.0,0.0,0.0,0.0,0.0,0.0,0.0,0.0,2
90.0,3,2,0.0,2.0,3.0,0.0,0.0,0.0,0.0,2.0,6
90.0,3,3,0.5,1.0,1.5,0.0,0.0,0.0,0.0,4.0,2
90.0,3,3,0.3333333333333333,1.6666666666666667,2.333333333333333,0.0,0.0,0.0,0.0,3.333333333333333,1
90.0,3,2,0.25,2.25,2.5,0.0,0.0,0.0,0.0,3.0,1
90.0,3,3,0.2,2.2,2.2,0.0,0.0,0.0,0.0,1.3333333333333333,2
90.0,3,3,0.16666666666666666,2.0,2.1666666666666665,0.0,0.0,0.0,0.0,1.3333333333333333,2
90.0,3,3,0.14285714285714285,2.0,2.2857142857142856,0.0,0.0,0.0,0.0,1.6666666666666667,6
90.0,3,4,0.25,1.75,2.25,0.0,0.0,0.0,0.0,3.333333333333333,1
90.0,3,4,0.2222222222222222,1.6666666666666667,2.1111111111111107,0.0,0.1111111111111111,0.0,0.0,3.0,8
90.0,3,2,0.3,1.5,2.2,0.0,0.1,0.0,0.1,5.0,6
90.0,3,2,0.3636363636363637,1.3636363636363635,2.1818181818181817,0.0,0.09090909090909093,0.0,0.09090909090909093,5.0,9
54.0,3,4,0.25,0.75,1.4,0.0,0.05,0.0,0.15,0.0,1
55.714285714285715,3,3,0.2380952380952381,0.8095238095238095,1.4285714285714286,0.0,0.047619047619047616,0.0,0.14285714285714285,0.3333333333333333,1
57.27272727272727,3,2,0.2272727272727273,0.8636363636363636,1.4090909090909092,0.0,0.045454545454545456,0.0,0.13636363636363635,0.6666666666666666,9
58.69565217391305,3,3,0.2608695652173913,0.8260869565217391,1.6521739130434785,0.0,0.043478260869565216,0.0,0.17391304347826084,3.6666666666666665,2
60.0,3,3,0.25,0.8333333333333334,1.6666666666666667,0.0,0.04166666666666666,0.0,0.16666666666666666,4.0,2
61.2,3,5,0.24,0.84,1.68,0.0,0.04,0.0,0.16,4.333333333333333,1
62.30769230769231,3,2,0.2307692307692308,1.0,1.7692307692307692,0.0,0.038461538461538464,0.0,0.15384615384615385,1.6666666666666667,8
63.33333333333334,3,4,0.25925925925925924,0.9629629629629628,1.8148148148148149,0.0,0.037037037037037035,0.0,0.1851851851851852,3.6666666666666665,3
64.28571428571429,3,4,0.25,0.9642857142857144,1.8928571428571428,0.0,0.03571428571428571,0.0,0.17857142857142858,4.0,2
65.17241379310343,3,4,0.2413793103448276,1.0344827586206895,2.0,0.0,0.03448275862068965,0.0,0.1724137931034483,4.333333333333333,1
66.0,3,2,0.2333333333333333,1.0666666666666669,1.9666666666666663,0.0,0.03333333333333333,0.0,0.16666666666666666,2.0,3
66.7741935483871,3,4,0.2258064516129032,1.064516129032258,2.0,0.0,0.03225806451612903,0.0,0.16129032258064516,2.0,2
67.5,3,4,0.21875,1.09375,2.0625,0.0,0.03125,0.0,0.15625,2.0,2
68.18181818181819,3,3,0.21212121212121213,1.1515151515151516,2.1515151515151514,0.0,0.030303030303030307,0.0,0.15151515151515152,2.333333333333333,2
68.82352941176471,3,3,0.2058823529411765,1.2058823529411764,2.176470588235294,0.0,0.029411764705882356,0.0,0.14705882352941174,2.0,2
69.42857142857143,3,2,0.2,1.2571428571428571,2.2285714285714286,0.0,0.028571428571428567,0.0,0.14285714285714285,2.0,2
70.0,3,2,0.19444444444444445,1.25,2.2222222222222223,0.0,0.027777777777777776,0.0,0.1388888888888889,2.0,4
70.54054054054055,3,3,0.1891891891891892,1.2702702702702702,2.216216216216216,0.0,0.027027027027027032,0.0,0.13513513513513514,2.6666666666666665,6
0.0,3,3,0.0,0.0,0.0,0.0,0.0,0.0,0.0,0.0,2
6.9230769230769225,3,3,0.0,0.07692307692307693,0.15384615384615385,0.0,0.0,0.0,0.0,0.6666666666666666,2
12.857142857142858,3,4,0.0,0.14285714285714285,0.21428571428571427,0.0,0.0,0.0,0.0,1.3333333333333333,1
0.0,2,2,0.0,0.0,0.0,0.0,0.0,0.0,0.0,0.0,3
90.0,2,4,0.0,1.0,3.0,0.0,0.0,0.0,0.0,3.0,0
90.0,2,2,0.0,2.5,2.0,0.0,0.0,0.0,0.0,1.5,9
90.0,2,4,0.3333333333333333,1.6666666666666667,3.333333333333333,0.0,0.0,0.0,0.3333333333333333,4.0,1
90.0,2,3,0.25,2.25,3.75,0.0,0.0,0.0,0.25,3.333333333333333,1
90.0,2,3,0.2,2.2,3.4,0.0,0.0,0.0,0.2,3.6666666666666665,3
90.0,2,3,0.16666666666666666,2.1666666666666665,4.0,0.0,0.0,0.0,0.16666666666666666,1.6666666666666667,1
78.75,2,2,0.125,1.875,3.25,0.0,0.0,0.0,0.125,1.3333333333333333,9
80.0,2,4,0.2222222222222222,1.6666666666666667,3.555555555555556,0.0,0.0,0.0,0.2222222222222222,3.333333333333333,3
81.0,2,5,0.2,1.7,3.8,0.0,0.0,0.0,0.2,4.0,1
81.81818181818181,2,3,0.18181818181818185,1.7272727272727273,3.636363636363636,0.0,0.0,0.0,0.18181818181818185,4.333333333333333,3
82.5,2,3,0.16666666666666666,1.6666666666666667,3.75,0.0,0.0,0.0,0.16666666666666666,2.333333333333333,0
83.07692307692308,2,3,0.15384615384615385,1.6923076923076923,3.615384615384616,0.0,0.07692307692307693,0.0,0.15384615384615385,1.3333333333333333,2
83.57142857142857,2,3,0.14285714285714285,1.7142857142857142,3.7142857142857135,0.0,0.07142857142857142,0.0,0.14285714285714285,1.6666666666666667,7
84.0,2,4,0.2,1.6,3.6666666666666665,0.0,0.06666666666666668,0.0,0.13333333333333333,3.0,1
84.375,2,2,0.1875,1.6875,3.5625,0.0,0.0625,0.0,0.125,3.333333333333333,2
84.70588235294117,2,4,0.17647058823529413,1.7058823529411764,3.5882352941176467,0.0,0.05882352941176471,0.0,0.1176470588235294,3.333333333333333,7
85.0,2,3,0.16666666666666666,1.7222222222222223,3.555555555555556,0.05555555555555555,0.05555555555555555,0.0,0.1111111111111111,3.333333333333333,10
85.26315789473685,2,3,0.21052631578947367,1.631578947368421,3.5263157894736836,0.05263157894736842,0.05263157894736842,0.0,0.2631578947368421,6.333333333333332,3
85.5,2,3,0.2,1.6,3.55,0.05,0.05,0.0,0.25,6.666666666666668,2
85.71428571428571,2,4,0.19047619047619047,1.619047619047619,3.6190476190476186,0.047619047619047616,0.047619047619047616,0.0,0.2380952380952381,5.0,2
85.9090909090909,2,3,0.18181818181818185,1.6363636363636365,3.6818181818181817,0.045454545454545456,0.045454545454545456,0.0,0.2272727272727273,2.333333333333333,1
86.08695652173913,2,3,0.17391304347826084,1.6956521739130437,3.5217391304347827,0.043478260869565216,0.043478260869565216,0.0,0.21739130434782608,1.6666666666666667,3
86.25,2,2,0.16666666666666666,1.6666666666666667,3.5416666666666665,0.04166666666666666,0.04166666666666666,0.0,0.20833333333333331,2.0,7
86.4,2,2,0.2,1.6,3.6,0.04,0.04,0.0,0.2,3.6666666666666665,2
83.33333333333333,2,4,0.1851851851851852,1.5555555555555556,3.4814814814814814,0.037037037037037035,0.037037037037037035,0.0,0.1851851851851852,3.0,3
85.0909090909091,2,4,0.18181818181818185,1.6,3.6727272727272733,0.03636363636363636,0.03636363636363636,0.0,0.18181818181818185,1.6666666666666667,2
86.7857142857143,2,3,0.17857142857142858,1.6428571428571428,3.7142857142857135,0.03571428571428571,0.03571428571428571,0.0,0.17857142857142858,2.333333333333333,1
86.89655172413794,2,4,0.1724137931034483,1.6896551724137931,3.6206896551724137,0.03448275862068965,0.03448275862068965,0.0,0.1724137931034483,2.0,1
87.0,2,2,0.16666666666666666,1.7,3.533333333333333,0.03333333333333333,0.03333333333333333,0.0,0.16666666666666666,1.3333333333333333,3
88.52459016393442,2,2,0.16393442622950818,1.7049180327868851,3.639344262295082,0.032786885245901634,0.032786885245901634,0.0,0.16393442622950818,1.6666666666666667,2
90.0,2,4,0.16129032258064516,1.7741935483870968,3.7096774193548394,0.03225806451612903,0.03225806451612903,0.0,0.16129032258064516,2.0,2
87.27272727272727,2,3,0.15151515151515152,1.6969696969696968,3.484848484848485,0.030303030303030307,0.030303030303030307,0.0,0.15151515151515152,2.333333333333333,6
87.35294117647058,2,4,0.17647058823529413,1.6470588235294117,3.4411764705882355,0.029411764705882356,0.029411764705882356,0.0,0.14705882352941174,2.6666666666666665,10
87.42857142857143,2,5,0.17142857142857146,1.6571428571428573,3.5142857142857142,0.057142857142857134,0.028571428571428567,0.0,0.2,5.333333333333333,0
87.5,2,3,0.16666666666666666,1.7777777777777777,3.555555555555556,0.05555555555555555,0.027777777777777776,0.0,0.19444444444444445,5.333333333333333,1
0.0,3,3,0.0,0.0,0.0,0.0,0.0,0.0,0.0,0.0,1
2.5,3,2,0.0,0.05555555555555555,0.027777777777777776,0.0,0.0,0.0,0.0,0.3333333333333333,3
0.0,4,3,0.0,0.0,0.0,0.0,0.0,0.0,0.0,0.0,7
90.0,4,2,1.0,0.0,4.0,0.0,0.0,0.0,0.0,7.0,6
90.0,4,4,1.0,0.0,2.5,0.0,0.0,0.0,0.0,6.5,2
90.0,4,2,0.6666666666666666,1.0,3.333333333333333,0.0,0.0,0.0,0.0,5.0,1
90.0,4,2,0.5,1.25,2.5,0.0,0.0,0.0,0.0,3.0,3
90.0,4,4,0.4,1.2,2.6,0.0,0.0,0.0,0.0,2.0,3
90.0,4,3,0.3333333333333333,1.1666666666666667,3.0,0.0,0.0,0.0,0.0,2.333333333333333,9
90.0,4,5,0.42857142857142855,1.0,3.0,0.0,0.0,0.0,0.2857142857142857,5.0,8
90.0,4,3,0.375,1.375,3.625,0.125,0.0,0.0,0.375,6.666666666666668,1
90.0,4,2,0.3333333333333333,1.4444444444444444,3.2222222222222223,0.1111111111111111,0.0,0.0,0.3333333333333333,6.0,2
90.0,4,3,0.3,1.4,2.9,0.1,0.0,0.0,0.3,3.6666666666666665,1
90.0,4,2,0.2727272727272727,1.4545454545454546,2.8181818181818183,0.09090909090909093,0.0,0.0,0.2727272727272727,1.3333333333333333,2
90.0,4,4,0.25,1.4166666666666667,2.6666666666666665,0.08333333333333333,0.0,0.0,0.25,1.6666666666666667,3
90.0,4,4,0.2307692307692308,1.3846153846153846,2.769230769230769,0.07692307692307693,0.0,0.0,0.2307692307692308,2.0,2
90.0,4,3,0.21428571428571427,1.5,2.9285714285714284,0.07142857142857142,0.0,0.0,0.21428571428571427,2.333333333333333,7
90.0,4,3,0.26666666666666666,1.4,3.0,0.06666666666666668,0.0,0.0,0.2,4.0,2
90.0,4,3,0.25,1.375,2.9375,0.0625,0.0,0.0,0.1875,3.6666666666666665,3
90.0,4,3,0.2352941176470588,1.3529411764705883,3.0,0.05882352941176471,0.0,0.0,0.17647058823529413,4.0,3
90.0,4,4,0.2222222222222222,1.3333333333333333,3.111111111111111,0.05555555555555555,0.0,0.0,0.16666666666666666,2.6666666666666665,10
90.0,4,4,0.2631578947368421,1.263157894736842,3.2105263157894735,0.05263157894736842,0.0,0.0,0.3157894736842105,5.333333333333333,2
90.0,4,3,0.25,1.35,3.25,0.05,0.0,0.0,0.3,5.0,2
90.0,4,2,0.2380952380952381,1.380952380952381,3.333333333333333,0.047619047619047616,0.0,0.0,0.2857142857142857,4.666666666666667,3
90.0,4,2,0.2272727272727273,1.3636363636363635,3.3181818181818183,0.045454545454545456,0.0,0.0,0.2727272727272727,2.333333333333333,7
90.0,4,4,0.2608695652173913,1.3043478260869563,3.347826086956522,0.043478260869565216,0.0,0.0,0.2608695652173913,4.0,2
90.0,4,4,0.25,1.2916666666666667,3.2916666666666665,0.04166666666666666,0.0,0.0,0.25,4.0,2
90.0,4,3,0.24,1.36,3.32,0.04,0.0,0.0,0.24,3.6666666666666665,2
86.66666666666669,4,3,0.2222222222222222,1.3333333333333333,3.185185185185185,0.037037037037037035,0.0,0.0,0.2222222222222222,1.3333333333333333,2
88.36363636363636,4,2,0.21818181818181814,1.3818181818181818,3.2363636363636363,0.03636363636363636,0.0,0.0,0.21818181818181814,1.3333333333333333,3
90.0,4,4,0.21428571428571427,1.3928571428571428,3.3571428571428568,0.03571428571428571,0.0,0.0,0.21428571428571427,2.333333333333333,1
90.0,4,3,0.20689655172413796,1.4482758620689655,3.2413793103448274,0.03448275862068965,0.0,0.0,0.20689655172413796,2.0,1
79.18181818181819,4,3,0.18181818181818185,1.2727272727272727,2.8484848484848486,0.030303030303030307,0.0,0.0,0.18181818181818185,0.0,1
79.5,4,5,0.17647058823529413,1.2941176470588236,2.8235294117647056,0.029411764705882356,0.0,0.0,0.17647058823529413,0.3333333333333333,3
79.8,4,3,0.17142857142857146,1.2857142857142858,2.8285714285714287,0.028571428571428567,0.0,0.0,0.17142857142857146,1.3333333333333333,3
80.08333333333333,4,2,0.16666666666666666,1.3333333333333333,2.9166666666666665,0.027777777777777776,0.0,0.0,0.16666666666666666,2.333333333333333,6
80.35135135135134,4,4,0.1891891891891892,1.2972972972972974,2.864864864864865,0.027027027027027032,0.0,0.0,0.16216216216216214,4.0,6
0.0,3,2,0.0,0.0,0.0,0.0,0.0,0.0,0.0,0.0,2
90.0,3,2,0.0,1.0,1.0,0.0,0.0,0.0,0.0,2.0,2
90.0,3,5,0.0,1.0,1.0,0.0,0.0,0.0,0.0,2.0,6
90.0,3,3,0.3333333333333333,0.6666666666666666,1.3333333333333333,0.0,0.0,0.0,0.0,3.333333333333333,2
90.0,3,2,0.25,0.75,1.0,0.0,0.0,0.0,0.0,3.333333333333333,2
90.0,3,3,0.2,1.0,1.4,0.0,0.0,0.0,0.0,3.333333333333333,7
90.0,3,2,0.3333333333333333,0.8333333333333334,1.3333333333333333,0.0,0.0,0.0,0.16666666666666666,3.6666666666666665,1
90.0,3,3,0.2857142857142857,1.1428571428571428,1.1428571428571428,0.0,0.0,0.0,0.14285714285714285,3.333333333333333,3
90.0,3,3,0.25,1.125,1.375,0.0,0.0,0.0,0.125,3.6666666666666665,2
90.0,3,3,0.2222222222222222,1.1111111111111112,1.3333333333333333,0.0,0.0,0.0,0.1111111111111111,2.0,1
90.0,3,4,0.2,1.2,1.2,0.0,0.0,0.0,0.1,2.0,2
90.0,3,3,0.18181818181818185,1.181818181818182,1.3636363636363635,0.0,0.09090909090909093,0.0,0.09090909090909093,1.6666666666666667,1
90.0,3,4,0.16666666666666666,1.25,1.4166666666666667,0.0,0.08333333333333333,0.0,0.08333333333333333,1.3333333333333333,2
90.0,3,4,0.15384615384615385,1.2307692307692308,1.4615384615384617,0.0,0.07692307692307693,0.0,0.07692307692307693,1.6666666666666667,1
90.0,3,4,0.14285714285714285,1.2857142857142858,1.4285714285714286,0.0,0.07142857142857142,0.0,0.07142857142857142,1.3333333333333333,2
90.0,3,3,0.13333333333333333,1.3333333333333333,1.6,0.0,0.06666666666666668,0.0,0.06666666666666668,1.6666666666666667,3
90.0,3,4,0.125,1.3125,1.6875,0.0,0.0625,0.0,0.0625,2.0,2
90.0,3,4,0.1176470588235294,1.3529411764705883,1.8235294117647056,0.0,0.05882352941176471,0.0,0.05882352941176471,2.333333333333333,8
90.0,3,2,0.16666666666666666,1.2777777777777777,1.9444444444444444,0.0,0.05555555555555555,0.0,0.1111111111111111,4.333333333333333,8
90.0,3,4,0.21052631578947367,1.2105263157894737,2.0526315789473686,0.0,0.05263157894736842,0.0,0.15789473684210525,6.0,2
90.0,3,4,0.2,1.2,2.0,0.0,0.05,0.0,0.15,6.0,2
90.0,3,3,0.19047619047619047,1.2857142857142858,2.0476190476190474,0.0,0.047619047619047616,0.0,0.14285714285714285,4.0,7
90.0,3,2,0.2272727272727273,1.2272727272727273,2.090909090909091,0.0,0.045454545454545456,0.0,0.13636363636363635,3.6666666666666665,3
90.0,3,3,0.21739130434782608,1.2173913043478262,2.130434782608696,0.0,0.043478260869565216,0.0,0.13043478260869565,4.0,2
90.0,3,5,0.20833333333333331,1.2083333333333333,2.125,0.0,0.04166666666666666,0.0,0.125,4.0,1
90.0,3,2,0.2,1.32,2.2,0.0,0.04,0.0,0.12,2.0,2
90.0,3,2,0.19230769230769232,1.3076923076923077,2.1538461538461537,0.0,0.038461538461538464,0.0,0.1153846153846154,1.6666666666666667,6
90.0,3,4,0.2222222222222222,1.2592592592592593,2.074074074074074,0.0,0.037037037037037035,0.0,0.1111111111111111,3.0,6
90.0,3,2,0.25,1.2142857142857142,2.1785714285714284,0.0,0.07142857142857142,0.0,0.10714285714285714,4.666666666666667,3
90.0,3,3,0.2413793103448276,1.206896551724138,2.2413793103448274,0.0,0.06896551724137931,0.0,0.10344827586206896,5.0,0
90.0,3,4,0.2333333333333333,1.2333333333333334,2.2,0.0,0.1,0.0,0.1,3.0,4
90.0,3,3,0.2258064516129032,1.2580645161290325,2.419354838709677,0.0,0.0967741935483871,0.0,0.0967741935483871,2.333333333333333,2
90.0,3,3,0.21875,1.25,2.40625,0.0,0.09375,0.0,0.09375,2.0,3
90.0,3,2,0.21212121212121213,1.2424242424242424,2.4242424242424243,0.0,0.09090909090909093,0.0,0.09090909090909093,3.0,3
82.70270270270271,3,4,0.1891891891891892,1.135135135135135,2.27027027027027,0.0,0.08108108108108109,0.0,0.08108108108108109,0.0,3
0.0,2,2,0.0,0.0,0.0,0.0,0.0,0.0,0.0,0.0,2
90.0,2,4,0.0,2.0,3.0,0.0,0.0,0.0,0.0,2.0,2
90.0,2,2,0.0,1.5,2.5,0.0,0.0,0.0,0.0,2.0,3
90.0,2,4,0.0,1.3333333333333333,2.6666666666666665,0.0,0.0,0.0,0.0,2.333333333333333,2
90.0,2,3,0.0,1.5,3.0,0.0,0.0,0.0,0.0,2.333333333333333,10
90.0,2,3,0.2,1.2,3.6,0.0,0.0,0.0,0.4,5.0,6
90.0,2,3,0.3333333333333333,1.0,3.1666666666666665,0.0,0.0,0.0,0.3333333333333333,6.0,3
90.0,2,3,0.2857142857142857,1.0,3.2857142857142856,0.0,0.0,0.0,0.2857142857142857,6.333333333333332,-1
90.0,2,4,0.25,1.875,3.375,0.0,0.0,0.0,0.25,2.6666666666666665,2
21.89189189189189,2,4,0.054054054054054064,0.4594594594594595,0.8108108108108109,0.0,0.0,0.0,0.054054054054054064,0.0,2
0.0,2,3,0.0,0.0,0.0,0.0,0.0,0.0,0.0,0.0,1
9.0,2,4,0.0,0.1,0.1,0.0,0.1,0.0,0.0,0.3333333333333333,4
16.363636363636363,2,3,0.0,0.18181818181818185,0.6363636363636364,0.0,0.09090909090909093,0.0,0.0,1.6666666666666667,9
22.5,2,4,0.08333333333333333,0.16666666666666666,0.9166666666666666,0.0,0.08333333333333333,0.0,0.16666666666666666,4.666666666666667,10
27.69230769230769,2,5,0.15384615384615385,0.15384615384615385,1.3076923076923077,0.0,0.07692307692307693,0.0,0.3076923076923077,7.666666666666668,0
32.142857142857146,2,4,0.14285714285714285,0.42857142857142855,1.2142857142857142,0.0,0.07142857142857142,0.0,0.2857142857142857,6.333333333333332,6
36.0,2,3,0.2,0.4,1.2666666666666666,0.0,0.06666666666666668,0.0,0.26666666666666666,5.333333333333333,4
39.375,2,3,0.1875,0.4375,1.625,0.0,0.0625,0.0,0.25,3.333333333333333,10
42.352941176470594,2,2,0.2352941176470588,0.4117647058823529,1.9411764705882355,0.0,0.05882352941176471,0.0,0.35294117647058826,6.666666666666668,1
45.0,2,2,0.2222222222222222,0.5555555555555556,1.9444444444444444,0.0,0.05555555555555555,0.0,0.3333333333333333,5.0,7
47.368421052631575,2,5,0.2631578947368421,0.5263157894736842,2.0526315789473686,0.0,0.05263157894736842,0.0,0.3157894736842105,6.0,4
49.5,2,4,0.25,0.65,2.4,0.0,0.05,0.0,0.3,4.0,3
51.42857142857143,2,4,0.2380952380952381,0.6666666666666666,2.4285714285714284,0.0,0.047619047619047616,0.0,0.2857142857142857,4.666666666666667,3
53.18181818181818,2,3,0.2272727272727273,0.7272727272727273,2.590909090909091,0.0,0.045454545454545456,0.0,0.2727272727272727,3.333333333333333,6
54.78260869565217,2,3,0.2608695652173913,0.6956521739130435,2.652173913043478,0.0,0.08695652173913042,0.0,0.2608695652173913,4.0,4
56.25,2,2,0.25,0.7083333333333334,2.7916666666666665,0.0,0.08333333333333333,0.0,0.25,4.333333333333333,1
57.6,2,2,0.24,0.76,2.76,0.0,0.08,0.0,0.24,3.6666666666666665,6
58.846153846153854,2,4,0.2692307692307692,0.7307692307692307,2.6923076923076925,0.0,0.07692307692307693,0.0,0.2307692307692308,3.6666666666666665,3
60.0,2,2,0.25925925925925924,0.7777777777777778,2.851851851851852,0.0,0.07407407407407407,0.0,0.2222222222222222,3.333333333333333,3
61.07142857142857,2,2,0.25,0.7857142857142857,2.9285714285714284,0.0,0.07142857142857142,0.0,0.21428571428571427,4.0,1
62.06896551724138,2,3,0.2413793103448276,0.8965517241379308,2.9655172413793105,0.0,0.06896551724137931,0.0,0.20689655172413796,2.333333333333333,3
63.0,2,3,0.2333333333333333,0.9,2.966666666666667,0.0,0.06666666666666668,0.0,0.2,2.333333333333333,6
63.87096774193547,2,3,0.25806451612903225,0.8709677419354839,2.9032258064516134,0.0,0.06451612903225806,0.0,0.1935483870967742,3.333333333333333,0
62.72727272727273,2,3,0.24242424242424246,0.9393939393939394,2.7575757575757582,0.0,0.060606060606060615,0.0,0.18181818181818185,2.0,4
63.529411764705884,2,3,0.2352941176470588,0.9411764705882352,2.8823529411764706,0.0,0.05882352941176471,0.0,0.17647058823529413,1.3333333333333333,2
64.28571428571429,2,4,0.22857142857142854,0.9428571428571428,2.8285714285714287,0.0,0.057142857142857134,0.0,0.17142857142857146,2.0,8
65.0,2,3,0.25,0.9166666666666666,2.861111111111111,0.0,0.05555555555555555,0.0,0.19444444444444445,4.666666666666667,6
66.57534246575342,2,4,0.273972602739726,0.9041095890410958,2.8219178082191783,0.0,0.0547945205479452,0.0,0.1917808219178082,5.333333333333333,8
0.0,4,3,0.0,0.0,0.0,0.0,0.0,0.0,0.0,0.0,1
2.9,4,3,0.0,0.1,0.06666666666666668,0.0,0.0,0.0,0.0,0.3333333333333333,8
5.709677419354839,4,2,0.03225806451612903,0.0967741935483871,0.1935483870967742,0.0,0.0,0.0,0.03225806451612903,3.0,2
8.34375,4,3,0.03125,0.125,0.25,0.0,0.0,0.0,0.03125,3.6666666666666665,3
0.0,3,4,0.0,0.0,0.0,0.0,0.0,0.0,0.0,0.0,3
90.0,3,3,0.0,1.0,4.0,0.0,0.0,0.0,0.0,3.0,6
90.0,3,2,0.5,0.5,2.5,0.0,0.0,0.0,0.0,4.5,6
90.0,3,4,0.6666666666666666,0.3333333333333333,2.333333333333333,0.0,0.0,0.0,0.0,5.0,1
90.0,3,3,0.5,1.25,3.0,0.0,0.0,0.0,0.0,4.333333333333333,3
90.0,3,2,0.4,1.2,3.0,0.0,0.0,0.0,0.0,3.333333333333333,7
90.0,3,3,0.5,1.0,3.0,0.0,0.0,0.0,0.0,3.6666666666666665,1
90.0,3,3,0.42857142857142855,1.1428571428571428,2.8571428571428568,0.0,0.0,0.0,0.0,3.6666666666666665,1
90.0,3,3,0.375,1.25,2.625,0.0,0.0,0.0,0.0,3.0,7
90.0,3,4,0.4444444444444444,1.1111111111111112,2.7777777777777777,0.0,0.0,0.0,0.0,3.0,7
90.0,3,4,0.5,1.0,2.8,0.0,0.0,0.0,0.0,5.0,3
90.0,3,5,0.4545454545454545,1.0,2.8181818181818183,0.0,0.0,0.0,0.0,5.666666666666668,3
90.0,3,3,0.4166666666666667,1.0833333333333333,3.25,0.0,0.0,0.0,0.0,4.333333333333333,3
90.0,3,2,0.38461538461538464,1.0769230769230769,3.3076923076923075,0.0,0.0,0.0,0.0,3.0,6
90.0,3,3,0.42857142857142855,1.0,3.1428571428571432,0.0,0.0,0.0,0.0,4.0,-2
82.9375,3,2,0.375,1.0625,2.875,0.0,0.0,0.0625,0.0,1.3333333333333333,8
83.3529411764706,3,2,0.4117647058823529,1.0,2.8823529411764706,0.0,0.0,0.05882352941176471,0.05882352941176471,2.0,7
83.72222222222223,3,4,0.4444444444444444,0.9444444444444444,2.888888888888889,0.0,0.0,0.05555555555555555,0.05555555555555555,5.0,2
84.05263157894737,3,2,0.42105263157894735,1.1052631578947372,3.1578947368421053,0.0,0.0,0.05263157894736842,0.05263157894736842,5.666666666666668,3
84.35,3,3,0.4,1.1,3.25,0.0,0.0,0.05,0.05,4.0,3
84.61904761904762,3,4,0.3809523809523809,1.0952380952380951,3.238095238095238,0.0,0.0,0.047619047619047616,0.047619047619047616,2.6666666666666665,2
84.86363636363636,3,3,0.3636363636363637,1.2727272727272727,3.363636363636364,0.0,0.0,0.045454545454545456,0.045454545454545456,2.6666666666666665,9
85.08695652173913,3,2,0.39130434782608703,1.2173913043478262,3.391304347826087,0.0,0.0,0.043478260869565216,0.13043478260869565,4.666666666666667,2
85.29166666666667,3,2,0.375,1.2083333333333333,3.25,0.0,0.0,0.04166666666666666,0.125,4.333333333333333,1
85.48,3,4,0.36,1.24,3.2,0.0,0.0,0.04,0.12,4.0,2
85.65384615384616,3,3,0.3461538461538461,1.2307692307692308,3.1538461538461537,0.0,0.0,0.038461538461538464,0.1153846153846154,1.6666666666666667,11
85.81481481481481,3,4,0.3703703703703704,1.1851851851851851,3.2592592592592586,0.0,0.0,0.037037037037037035,0.2222222222222222,4.666666666666667,2
85.9642857142857,3,4,0.35714285714285715,1.25,3.2857142857142856,0.0,0.0,0.03571428571428571,0.21428571428571427,5.0,3
86.10344827586206,3,2,0.3448275862068966,1.2413793103448276,3.310344827586207,0.0,0.0,0.03448275862068965,0.20689655172413796,5.333333333333333,7
86.23333333333332,3,2,0.36666666666666653,1.2,3.3,0.0,0.0,0.03333333333333333,0.2,4.0,2
86.35483870967742,3,4,0.3548387096774194,1.1935483870967742,3.193548387096774,0.0,0.0,0.03225806451612903,0.1935483870967742,4.0,4
86.46875,3,3,0.34375,1.1875,3.3125,0.0,0.0,0.03125,0.1875,4.333333333333333,2
86.57575757575758,3,3,0.3333333333333333,1.2121212121212122,3.333333333333333,0.0,0.0,0.030303030303030307,0.18181818181818185,2.6666666666666665,1
86.6764705882353,3,3,0.3235294117647059,1.2352941176470589,3.294117647058824,0.0,0.0,0.029411764705882356,0.17647058823529413,2.333333333333333,7
86.77142857142857,3,4,0.3428571428571429,1.2,3.2857142857142856,0.0,0.0,0.028571428571428567,0.17142857142857146,3.333333333333333,12
86.8611111111111,3,5,0.3611111111111111,1.1666666666666667,3.4444444444444446,0.0,0.0,0.027777777777777776,0.25,6.666666666666668,2
86.94594594594595,3,3,0.35135135135135137,1.2432432432432432,3.5405405405405403,0.0,0.0,0.027027027027027032,0.2432432432432433,7.0,4
0.0,2,4,0.0,0.0,0.0,0.0,0.0,0.0,0.0,0.0,2
3.2142857142857144,2,3,0.0,0.07142857142857142,0.17857142857142858,0.0,0.0,0.0,0.0,0.0,0
4.310344827586206,2,5,0.0,0.06896551724137931,0.2413793103448276,0.0,0.03448275862068965,0.0,0.0,0.0,5
7.166666666666668,2,2,0.0,0.16666666666666666,0.6666666666666666,0.0,0.03333333333333333,0.0,0.0,1.6666666666666667,1
9.838709677419354,2,3,0.0,0.2903225806451613,0.7419354838709677,0.0,0.03225806451612903,0.0,0.0,2.0,1
12.34375,2,3,0.0,0.375,0.75,0.0,0.03125,0.0,0.0,2.333333333333333,8
14.696969696969695,2,4,0.030303030303030307,0.3636363636363637,0.8484848484848485,0.0,0.030303030303030307,0.0,0.030303030303030307,3.333333333333333,9
16.911764705882348,2,4,0.05882352941176471,0.35294117647058826,0.9705882352941176,0.0,0.029411764705882356,0.0,0.08823529411764706,6.0,17
19.0,2,3,0.08571428571428573,0.3428571428571429,1.2,0.028571428571428567,0.028571428571428567,0.0,0.17142857142857146,11.333333333333336,3
20.972222222222218,2,4,0.08333333333333333,0.3611111111111111,1.25,0.027777777777777776,0.027777777777777776,0.0,0.16666666666666666,9.666666666666666,7
22.83783783783784,2,4,0.10810810810810813,0.35135135135135137,1.2972972972972974,0.027027027027027032,0.027027027027027032,0.0,0.16216216216216214,9.0,3
0.0,2,2,0.0,0.0,0.0,0.0,0.0,0.0,0.0,0.0,1
90.0,2,3,0.0,2.0,0.0,0.0,0.0,0.0,0.0,1.0,6
90.0,2,3,0.5,1.0,1.0,0.0,0.0,0.0,0.0,3.5,2
90.0,2,4,0.3333333333333333,1.6666666666666667,2.0,0.0,0.0,0.0,0.0,3.0,1
90.0,2,4,0.25,1.75,2.0,0.0,0.0,0.0,0.0,3.0,5
90.0,2,3,0.4,1.4,1.8,0.0,0.2,0.0,0.0,2.6666666666666665,6
90.0,2,4,0.5,1.1666666666666667,1.8333333333333333,0.0,0.16666666666666666,0.0,0.0,4.0,2
78.75,2,3,0.375,1.125,2.0,0.0,0.125,0.0,0.0,2.6666666666666665,2
80.0,2,3,0.3333333333333333,1.2222222222222223,2.2222222222222223,0.0,0.1111111111111111,0.0,0.0,1.3333333333333333,10
81.0,2,3,0.4,1.1,2.5,0.0,0.1,0.0,0.3,4.0,1
81.81818181818181,2,4,0.3636363636363637,1.181818181818182,2.363636363636364,0.0,0.09090909090909093,0.0,0.2727272727272727,4.333333333333333,3
82.5,2,4,0.3333333333333333,1.25,2.6666666666666665,0.0,0.08333333333333333,0.0,0.25,4.666666666666667,3
83.07692307692308,2,3,0.3076923076923077,1.2307692307692308,2.769230769230769,0.0,0.07692307692307693,0.0,0.2307692307692308,2.333333333333333,2
83.57142857142857,2,2,0.2857142857142857,1.2857142857142858,2.8571428571428568,0.0,0.07142857142857142,0.0,0.21428571428571427,2.6666666666666665,6
84.0,2,2,0.3333333333333333,1.2,2.8,0.0,0.06666666666666668,0.0,0.2,3.6666666666666665,6
84.375,2,2,0.375,1.125,2.75,0.0,0.0625,0.0,0.1875,4.666666666666667,2
84.70588235294117,2,5,0.35294117647058826,1.2352941176470589,2.8235294117647056,0.0,0.05882352941176471,0.0,0.17647058823529413,4.666666666666667,1
85.0,2,3,0.3333333333333333,1.3333333333333333,2.7777777777777777,0.0,0.05555555555555555,0.0,0.16666666666666666,3.0,1
85.26315789473685,2,3,0.3157894736842105,1.368421052631579,2.6842105263157894,0.0,0.05263157894736842,0.0,0.15789473684210525,1.3333333333333333,2
85.5,2,2,0.3,1.35,2.65,0.0,0.05,0.0,0.15,1.3333333333333333,6
85.71428571428571,2,4,0.3333333333333333,1.2857142857142858,2.619047619047619,0.0,0.047619047619047616,0.0,0.14285714285714285,3.0,7
85.9090909090909,2,4,0.3636363636363637,1.2272727272727273,2.6818181818181817,0.0,0.045454545454545456,0.0,0.13636363636363635,5.0,1
86.08695652173913,2,3,0.3478260869565217,1.3043478260869563,2.608695652173913,0.0,0.043478260869565216,0.0,0.13043478260869565,4.666666666666667,1
86.25,2,3,0.3333333333333333,1.3333333333333333,2.583333333333333,0.0,0.04166666666666666,0.0,0.125,3.0,7
86.4,2,2,0.36,1.28,2.6,0.0,0.04,0.0,0.12,3.0,6
86.53846153846153,2,3,0.38461538461538464,1.2307692307692308,2.5769230769230766,0.0,0.038461538461538464,0.0,0.1153846153846154,4.666666666666667,5
86.66666666666669,2,2,0.4074074074074074,1.1851851851851851,2.555555555555556,0.0,0.07407407407407407,0.0,0.1111111111111111,6.0,2
86.7857142857143,2,3,0.3928571428571429,1.2142857142857142,2.642857142857143,0.0,0.07142857142857142,0.0,0.10714285714285714,4.333333333333333,1
0.0,3,3,0.0,0.0,0.0,0.0,0.0,0.0,0.0,0.0,2
0.0,3,4,0.0,0.0,0.0,0.0,0.0,0.0,0.0,0.0,3
90.0,3,3,0.0,1.0,4.0,0.0,0.0,0.0,0.0,3.0,3
90.0,3,3,0.0,1.0,3.5,0.0,0.0,0.0,0.0,3.0,2
90.0,3,2,0.0,1.6666666666666667,3.6666666666666665,0.0,0.0,0.0,0.0,2.6666666666666665,2
90.0,3,4,0.0,1.75,3.75,0.0,0.0,0.0,0.0,2.333333333333333,2
90.0,3,4,0.0,1.6,4.0,0.0,0.2,0.0,0.0,2.0,0
90.0,3,2,0.0,1.6666666666666667,3.5,0.0,0.3333333333333333,0.0,0.0,1.3333333333333333,7
90.0,3,3,0.14285714285714285,1.4285714285714286,3.4285714285714284,0.0,0.2857142857142857,0.0,0.0,3.0,2
90.0,3,5,0.125,1.375,3.25,0.0,0.25,0.0,0.0,3.0,3
90.0,3,3,0.1111111111111111,1.3333333333333333,3.333333333333333,0.0,0.2222222222222222,0.0,0.0,4.0,2
90.0,3,2,0.1,1.4,3.4,0.0,0.2,0.0,0.0,2.333333333333333,7
90.0,3,4,0.18181818181818185,1.2727272727272727,3.4545454545454546,0.0,0.18181818181818185,0.0,0.0,4.0,1
90.0,3,3,0.16666666666666666,1.3333333333333333,3.333333333333333,0.0,0.16666666666666666,0.0,0.0,3.333333333333333,6
90.0,3,2,0.2307692307692308,1.2307692307692308,3.1538461538461537,0.0,0.15384615384615385,0.0,0.0,4.666666666666667,3
90.0,3,3,0.21428571428571427,1.2142857142857142,3.2142857142857144,0.0,0.14285714285714285,0.0,0.0,3.333333333333333,2
90.0,3,2,0.2,1.2,3.066666666666667,0.0,0.13333333333333333,0.0,0.0,3.6666666666666665,3
90.0,3,3,0.1875,1.1875,3.0625,0.0,0.125,0.0,0.0,2.6666666666666665,7
90.0,3,4,0.2352941176470588,1.1176470588235294,3.117647058823529,0.0,0.1176470588235294,0.0,0.0,4.0,3
90.0,3,4,0.2222222222222222,1.1666666666666667,3.333333333333333,0.0,0.1111111111111111,0.0,0.0,4.333333333333333,2
90.0,3,2,0.21052631578947367,1.2105263157894737,3.421052631578948,0.0,0.10526315789473684,0.0,0.0,4.0,2
90.0,3,3,0.2,1.2,3.35,0.0,0.1,0.0,0.0,2.333333333333333,3
90.0,3,2,0.19047619047619047,1.1904761904761905,3.333333333333333,0.0,0.09523809523809523,0.0,0.0,2.333333333333333,7
90.0,3,4,0.2272727272727273,1.1363636363636365,3.3181818181818183,0.0,0.09090909090909093,0.0,0.0,4.0,2
90.0,3,4,0.21739130434782608,1.173913043478261,3.391304347826087,0.0,0.08695652173913042,0.0,0.0,4.0,2
90.0,3,3,0.20833333333333331,1.1666666666666667,3.458333333333333,0.0,0.125,0.0,0.0,3.6666666666666665,4
88.8,3,4,0.24,1.12,3.44,0.0,0.12,0.04,0.0,2.6666666666666665,10
88.84615384615385,3,3,0.2307692307692308,1.1538461538461535,3.5384615384615383,0.038461538461538464,0.1153846153846154,0.038461538461538464,0.07692307692307693,5.333333333333333,1
88.8888888888889,3,4,0.2222222222222222,1.2222222222222223,3.4814814814814814,0.037037037037037035,0.1111111111111111,0.037037037037037035,0.07407407407407407,5.0,2
88.92857142857143,3,4,0.21428571428571427,1.2142857142857142,3.3928571428571432,0.03571428571428571,0.10714285714285714,0.03571428571428571,0.07142857142857142,4.333333333333333,3
88.96551724137932,3,2,0.20689655172413796,1.2758620689655171,3.4827586206896552,0.03448275862068965,0.10344827586206896,0.03448275862068965,0.06896551724137931,2.0,7
89.0,3,3,0.2333333333333333,1.2333333333333334,3.466666666666667,0.03333333333333333,0.1,0.03333333333333333,0.06666666666666668,4.0,8
89.03225806451613,3,3,0.2258064516129032,1.2580645161290325,3.4838709677419355,0.06451612903225806,0.0967741935483871,0.03225806451612903,0.0967741935483871,6.0,2
89.0625,3,5,0.21875,1.25,3.40625,0.0625,0.09375,0.03125,0.09375,5.666666666666668,1
89.0909090909091,3,2,0.21212121212121213,1.2727272727272727,3.363636363636364,0.060606060606060615,0.09090909090909093,0.030303030303030307,0.09090909090909093,3.6666666666666665,16
89.11764705882355,3,3,0.2352941176470588,1.2352941176470589,3.4705882352941178,0.08823529411764706,0.08823529411764706,0.029411764705882356,0.17647058823529413,6.333333333333332,6
89.14285714285714,3,2,0.2571428571428571,1.2,3.4285714285714284,0.08571428571428573,0.08571428571428573,0.028571428571428567,0.17142857142857146,7.666666666666668,3
89.16666666666669,3,4,0.25,1.1944444444444444,3.4444444444444446,0.08333333333333333,0.08333333333333333,0.027777777777777776,0.16666666666666666,8.333333333333334,2
89.18918918918921,3,3,0.2432432432432433,1.2162162162162162,3.4324324324324325,0.08108108108108109,0.08108108108108109,0.027027027027027032,0.16216216216216214,3.6666666666666665,1
0.0,3,3,0.0,0.0,0.0,0.0,0.0,0.0,0.0,0.0,1
1.3333333333333333,3,4,0.0,0.06666666666666668,0.13333333333333333,0.0,0.0,0.0,0.0,0.3333333333333333,1
0.0,4,3,0.0,0.0,0.0,0.0,0.0,0.0,0.0,0.0,6
4.285714285714286,4,5,0.047619047619047616,0.0,0.09523809523809523,0.0,0.0,0.0,0.0,2.0,7
8.181818181818182,4,2,0.09090909090909093,0.0,0.2727272727272727,0.0,0.0,0.0,0.0,4.333333333333333,6
11.73913043478261,4,4,0.13043478260869565,0.0,0.3478260869565217,0.0,0.0,0.0,0.0,6.333333333333332,3
15.0,4,3,0.125,0.08333333333333333,0.625,0.0,0.0,0.0,0.0,5.333333333333333,3
18.0,4,3,0.12,0.12,0.72,0.0,0.0,0.0,0.0,4.0,2
20.76923076923077,4,4,0.1153846153846154,0.15384615384615385,0.7692307692307693,0.0,0.0,0.0,0.0,2.6666666666666665,6
23.33333333333333,4,2,0.14814814814814814,0.14814814814814814,0.8148148148148148,0.0,0.0,0.0,0.0,3.6666666666666665,2
25.714285714285715,4,3,0.14285714285714285,0.17857142857142858,0.8571428571428571,0.0,0.0,0.0,0.0,3.333333333333333,6
27.931034482758623,4,3,0.1724137931034483,0.1724137931034483,0.8620689655172413,0.0,0.0,0.0,0.0,4.666666666666667,3
30.0,4,4,0.16666666666666666,0.2,0.9333333333333332,0.0,0.0,0.0,0.0,3.6666666666666665,2
31.935483870967737,4,3,0.16129032258064516,0.2258064516129032,0.935483870967742,0.0,0.0,0.0,0.0,3.6666666666666665,7
32.72727272727273,4,4,0.18181818181818185,0.21212121212121213,1.0,0.0,0.0,0.0,0.0,3.0,6
34.411764705882355,4,2,0.2058823529411765,0.2058823529411765,1.0294117647058822,0.0,0.0,0.0,0.0,4.333333333333333,2
36.0,4,3,0.2,0.22857142857142854,1.0,0.0,0.0,0.0,0.0,2.6666666666666665,2
37.5,4,4,0.19444444444444445,0.25,1.0277777777777777,0.0,0.0,0.0,0.0,3.333333333333333,3
39.45205479452054,4,2,0.1917808219178082,0.273972602739726,1.095890410958904,0.0,0.0,0.0,0.0,2.333333333333333,7
41.35135135135136,4,2,0.21621621621621626,0.2702702702702703,1.162162162162162,0.0,0.0,0.0,0.0,4.0,3
0.0,4,4,0.0,0.0,0.0,0.0,0.0,0.0,0.0,0.0,2
5.625,4,4,0.0,0.1875,0.1875,0.0,0.0,0.0,0.0,0.6666666666666666,1
10.588235294117649,4,3,0.0,0.29411764705882354,0.2352941176470588,0.0,0.0,0.0,0.0,1.0,1
0.0,3,4,0.0,0.0,0.0,0.0,0.0,0.0,0.0,0.0,2
90.0,3,2,0.0,2.0,3.0,0.0,0.0,0.0,0.0,2.0,6
90.0,3,3,0.5,1.0,2.5,0.0,0.0,0.0,0.0,4.0,2
90.0,3,3,0.3333333333333333,1.0,2.0,0.0,0.0,0.0,0.0,3.333333333333333,7
90.0,3,3,0.5,0.75,2.5,0.0,0.0,0.0,0.0,5.0,6
90.0,3,2,0.6,0.6,2.2,0.0,0.0,0.0,0.0,5.0,2
90.0,3,4,0.5,0.6666666666666666,2.0,0.0,0.0,0.0,0.0,5.0,2
90.0,3,2,0.42857142857142855,0.7142857142857143,2.0,0.0,0.0,0.0,0.0,3.333333333333333,6
90.0,3,3,0.5,0.625,2.0,0.0,0.0,0.0,0.0,3.333333333333333,6
90.0,3,2,0.5555555555555556,0.5555555555555556,1.8888888888888888,0.0,0.0,0.0,0.0,4.666666666666667,6
90.0,3,3,0.6,0.5,1.8,0.0,0.0,0.0,0.0,6.0,6
90.0,3,2,0.6363636363636364,0.4545454545454545,1.6363636363636365,0.0,0.0,0.0,0.0,6.0,2
90.0,3,5,0.5833333333333334,0.5,1.5,0.0,0.0,0.0,0.0,4.666666666666667,1
90.0,3,4,0.5384615384615384,0.6923076923076923,1.5384615384615383,0.0,0.0,0.0,0.0,3.0,4
90.0,3,4,0.5,0.7142857142857143,1.9285714285714288,0.0,0.0,0.0,0.0,2.333333333333333,1
90.0,3,3,0.4666666666666667,0.8,1.8,0.0,0.0,0.0,0.0,2.0,2
90.0,3,4,0.4375,0.8125,1.8125,0.0,0.0,0.0,0.0,2.333333333333333,7
90.0,3,3,0.4705882352941176,0.7647058823529411,1.9411764705882355,0.0,0.0,0.0,0.0,3.333333333333333,3
90.0,3,4,0.4444444444444444,0.7777777777777778,2.0,0.0,0.0,0.0,0.0,4.0,2
90.0,3,4,0.42105263157894735,0.7894736842105263,1.8947368421052633,0.0,0.0,0.0,0.0,4.0,8
90.0,3,4,0.45,0.75,2.1,0.0,0.0,0.0,0.0,4.333333333333333,6
90.0,3,3,0.4761904761904762,0.7142857142857143,2.0,0.0,0.0,0.0,0.0,5.333333333333333,2
90.0,3,3,0.4545454545454545,0.7272727272727273,2.0,0.0,0.0,0.0,0.0,5.333333333333333,2
90.0,3,2,0.43478260869565216,0.7391304347826086,1.9130434782608696,0.0,0.0,0.0,0.0,3.333333333333333,6
90.0,3,3,0.4583333333333333,0.7083333333333334,1.9583333333333333,0.0,0.04166666666666666,0.0,0.0,3.333333333333333,6
90.0,3,4,0.48,0.68,1.92,0.0,0.04,0.0,0.0,4.666666666666667,1
90.0,3,2,0.4615384615384616,0.7307692307692307,1.9230769230769231,0.0,0.038461538461538464,0.0,0.0,4.333333333333333,2
90.0,3,3,0.4444444444444444,0.7407407407407407,1.9259259259259256,0.0,0.037037037037037035,0.0,0.0,3.0,7
90.0,3,4,0.4642857142857143,0.7142857142857143,1.9642857142857144,0.0,0.03571428571428571,0.0,0.0,3.333333333333333,4
90.0,3,3,0.4482758620689655,0.7241379310344828,2.103448275862069,0.0,0.03448275862068965,0.0,0.0,4.333333333333333,1
0.0,4,4,0.0,0.0,0.0,0.0,0.0,0.0,0.0,0.0,1
2.6666666666666665,4,2,0.0,0.08333333333333333,0.08333333333333333,0.0,0.0,0.0,0.0,0.3333333333333333,6
9.384615384615383,4,3,0.07692307692307693,0.07692307692307693,0.15384615384615385,0.0,0.0,0.0,0.0,2.333333333333333,6
15.142857142857142,4,3,0.14285714285714285,0.07142857142857142,0.21428571428571427,0.0,0.0,0.0,0.0,4.333333333333333,1
0.0,3,3,0.0,0.0,0.0,0.0,0.0,0.0,0.0,0.0,7
2.566666666666667,3,4,0.03333333333333333,0.0,0.1,0.0,0.0,0.0,0.0,2.333333333333333,2
5.387096774193548,3,2,0.03225806451612903,0.03225806451612903,0.0967741935483871,0.0,0.0,0.0,0.0,3.0,7
8.03125,3,3,0.0625,0.03125,0.1875,0.0,0.0,0.0,0.0,5.333333333333333,1
10.515151515151516,3,4,0.060606060606060615,0.09090909090909093,0.18181818181818185,0.0,0.0,0.0,0.0,3.333333333333333,1
12.852941176470587,3,2,0.05882352941176471,0.14705882352941174,0.17647058823529413,0.0,0.0,0.0,0.0,3.0,2
14.243243243243244,3,5,0.054054054054054064,0.1891891891891892,0.2702702702702703,0.0,0.0,0.0,0.0,0.6666666666666666,2
0.0,2,4,0.0,0.0,0.0,0.0,0.0,0.0,0.0,0.0,2
2.5,2,3,0.0,0.08333333333333333,0.1111111111111111,0.0,0.0,0.0,0.0,0.0,2
3.972972972972973,2,3,0.0,0.08108108108108109,0.2432432432432433,0.0,0.0,0.0,0.0,0.6666666666666666,0
0.0,2,4,0.0,0.0,0.0,0.0,0.0,0.0,0.0,0.0,2
6.0,2,4,0.0,0.125,0.375,0.0,0.0,0.0,0.0,0.6666666666666666,7
15.333333333333336,2,3,0.1111111111111111,0.1111111111111111,0.6666666666666666,0.0,0.0,0.0,0.0,3.0,2
0.0,3,3,0.0,0.0,0.0,0.0,0.0,0.0,0.0,0.0,1
2.571428571428572,3,4,0.0,0.057142857142857134,0.057142857142857134,0.0,0.0,0.0,0.0,0.3333333333333333,7
5.0,3,3,0.027777777777777776,0.05555555555555555,0.19444444444444445,0.0,0.0,0.0,0.0,2.6666666666666665,7
0.0,3,4,0.0,0.0,0.0,0.0,0.0,0.0,0.0,0.0,2
3.0,3,4,0.0,0.06666666666666668,0.3333333333333333,0.0,0.0,0.0,0.0,0.6666666666666666,0
8.4375,3,2,0.0,0.3125,0.3125,0.0,0.0,0.0,0.0,0.6666666666666666,2
13.235294117647056,3,4,0.0,0.35294117647058826,0.4117647058823529,0.0,0.0,0.0,0.0,1.3333333333333333,1
17.5,3,4,0.0,0.5,0.4444444444444444,0.0,0.0,0.0,0.0,1.0,1
21.315789473684212,3,3,0.0,0.5789473684210527,0.42105263157894735,0.0,0.0,0.0,0.0,1.3333333333333333,1
0.0,3,4,0.0,0.0,0.0,0.0,0.0,0.0,0.0,0.0,2
3.9130434782608696,3,3,0.0,0.13043478260869565,0.13043478260869565,0.0,0.0,0.0,0.0,0.6666666666666666,2
7.5,3,4,0.0,0.16666666666666666,0.16666666666666666,0.0,0.0,0.0,0.0,1.3333333333333333,2
10.8,3,4,0.0,0.24,0.36,0.0,0.0,0.0,0.0,2.0,1
13.333333333333336,3,5,0.0,0.2962962962962963,0.4074074074074074,0.0,0.0,0.0,0.0,1.0,3
16.071428571428573,3,2,0.0,0.35714285714285715,0.6428571428571429,0.0,0.0,0.0,0.0,1.3333333333333333,9
0.0,4,4,0.0,0.0,0.0,0.0,0.0,0.0,0.0,0.0,1
0.4594594594594595,4,2,0.0,0.027027027027027032,0.027027027027027032,0.0,0.0,0.0,0.0,0.3333333333333333,10
0.0,2,3,0.0,0.0,0.0,0.0,0.0,0.0,0.0,0.0,2
